case_id,case_name,case_type,material_id,source_name,source_country,source_language,source_block,published_at,title,url,description,query_used,window,narrative_stage,sentiment,frame_type,collected_at
wagner_mutiny,ЧВК Вагнер,russian,617e490a862c9396,en.wikipedia.org,XX,en,international,,Wagner Group rebellion,https://en.wikipedia.org/wiki/Wagner_Group_rebellion,"On 23 June 2023, the Wagner Group, a Russian private military company, staged an uprising against the Russian government . It marked the climax of the Wagner ... Read more",wagner_1m_search1,1m,N4,neutral,security,2026-03-18T07:26:16.631175
wagner_mutiny,ЧВК Вагнер,russian,bc773190a330f666,www.bbc.com,UK,en,international,,"A year after mutiny, Kremlin controls Wagner remnants",https://www.bbc.com/news/articles/c4nn1p81q59o,"Jun 23, 2024 — Yevgeny Prigozhin – the late leader of the paramilitary force – crossed from Ukraine on 23 June 2023 and seized the southern city of Rostov ... Read more",wagner_1m_search1,1m,N4,neutral,security,2026-03-18T07:26:16.631220
wagner_mutiny,ЧВК Вагнер,russian,5155f82149f457d1,www.euronews.com,FR,en,international,,"A year ago, Wagner chief Prigozhin's mutiny briefly",https://www.euronews.com/2024/06/23/a-year-ago-a-mutiny-by-a-mercenary-boss-briefly-threatened-putin,"Jun 23, 2024 — It's been one year since mercenary chief Yevgeny Prigozhin mounted his brief armed rebellion in Russia , directly challenging Vladimir Putin's rule. Read more",wagner_1m_search1,1m,N4,neutral,general,2026-03-18T07:26:16.631252
wagner_mutiny,ЧВК Вагнер,russian,b4b3e967d078ed02,www.cnn.com,US,en,international,,Wagner insurrection plunges Russia into uncertainty,https://www.cnn.com/2023/06/23/europe/wagner-prigozhin-criminal-case-explainer-intl,"Jun 24, 2023 — The armed insurrection launched by Yevgeny Prigozhin , the bombastic chief of private paramilitary group Wagner , appeared to end as abruptly it started Saturday. Read more",wagner_1m_search1,1m,N0,neutral,security,2026-03-18T07:26:16.631291
wagner_mutiny,ЧВК Вагнер,russian,9a0580959ac1b340,abcnews.com,US,en,international,,Russian rebellion timeline: How the Wagner uprising against,https://abcnews.com/International/wagner-groups-rebellion-putin-unfolded/story?id=100373557,"Yevgeny Progozhin, leader of the paramilitary Wagner Group , called Friday for rebellion. His march to Moscow was over by Saturday night.",wagner_1m_search1,1m,N4,neutral,security,2026-03-18T07:26:16.631305
wagner_mutiny,ЧВК Вагнер,russian,51d4e0f5c92761e0,www.aljazeera.com,QA,en,international,,Timeline: How Wagner Group's revolt against Russia,https://www.aljazeera.com/news/2023/6/24/timeline-how-wagner-groups-revolt-against-russia-unfolded,Prigozhin says his men crossed the border from Ukraine into Russia and are ready to go “all the way” against the Russian military. Read more,wagner_1m_search1,1m,N4,neutral,security,2026-03-18T07:26:16.631321
wagner_mutiny,ЧВК Вагнер,russian,ecdd2b381d85970c,apnews.com,US,en,international,,Prigozhin mutiny: Russian mercenary chief challenged the,https://apnews.com/article/russia-wagner-prigozhin-mutiny-putin-ukraine-war-a3c617e27a67ea38364529888292efd8,"Jun 23, 2024 — Yevgeny Prigozhin called off the “march of justice”, but the rebellion dealt a blow to President Vladimir Putin, the most serious challenge ...",wagner_1m_search1,1m,N4,neutral,political,2026-03-18T07:26:16.631349
wagner_mutiny,ЧВК Вагнер,russian,2cf7d0ae16af8871,www.theguardian.com,UK,en,international,,The Wagner rebellion has been called off but Putin,https://www.theguardian.com/world/2023/jun/24/even-if-wagner-rebellion-fails-putins-presidency-has-never-looked-weaker,"Jun 24, 2023 — On Saturday night, Prigozhin announced he was pulling back from the Russian capital and returning to base, in order to avoid spilling blood. Read more",wagner_1m_search1,1m,N4,neutral,general,2026-03-18T07:26:16.631378
wagner_mutiny,ЧВК Вагнер,russian,3678a3996c7b99f9,www.youtube.com,XX,en,international,,"Wagner Rebellion, CNN News Coverage, June 24, 2023",https://www.youtube.com/watch?v=hJYrte4IX7E,"On June 23, 2023, the Russian mercenary organization Wagner Group led by Yevgeny Prigozhin began a rebellion against the Ministry of Defence.",wagner_1m_search1,1m,N4,neutral,general,2026-03-18T07:26:16.631397
wagner_mutiny,ЧВК Вагнер,russian,290271a56dab44f8,news.sky.com,UK,en,international,,Yevgeny Prigozhin: Timeline of Wagner Group leader's,https://news.sky.com/story/yevgeny-prigozhin-timeline-of-wagner-leaders-movements-after-failed-mutiny-12946233,"Aug 27, 2023 — 23-24 June​​ The one-time Putin ally led a brief rebellion demanding the defence minister Sergei Shoigu be ousted, as he railed against how the ... Read more",wagner_1m_search1,1m,N4,neutral,general,2026-03-18T07:26:16.631433
tiktok_regulatory,TikTok,global,c6291628dbc66a35,www.reuters.com,UK,en,international,,US House passes bill to force ByteDance to divest TikTok,https://www.reuters.com/technology/us-house-vote-force-bytedance-divest-tiktok-or-face-ban-2024-03-13,"13 Mar 2024 — US House passes bill to force ByteDance to divest TikTok or face ban . By David Shepardson. March 13, 20248:42 PM PDTUpdated March 13, 2024 ...",tiktok_1m_search1,1m,N0,negative,general,2026-03-18T07:26:16.631530
tiktok_regulatory,TikTok,global,20408729d25989af,www.cnbc.com,US,en,international,,TikTok ban: Court upholds law ordering ByteDance to,https://www.cnbc.com/2024/12/06/tiktok-divestment-law-upheld-by-federal-appeals-court.html,6 Dec 2024 — A federal appeals court on Friday cited national security concerns as it upheld a law requiring China-based ByteDance to sell the popular social media app ...,tiktok_1m_search1,1m,N2,negative,security,2026-03-18T07:26:16.631551
tiktok_regulatory,TikTok,global,8bbac2a76f25922e,www.hklaw.com,XX,en,international,,U.S. Supreme Court Upholds TikTok Sale-or-Ban Law,https://www.hklaw.com/en/insights/publications/2025/01/us-supreme-court-upholds-tiktok-sale-or-ban-law,"17 Jan 2025 — The act , which was signed into law on April 24, 2024 ... Act will effectively ban TikTok unless its U.S. operations are divested from ByteDance .",tiktok_1m_search1,1m,N0,negative,legal,2026-03-18T07:26:16.631574
tiktok_regulatory,TikTok,global,54bf07babc506d20,www.theguardian.com,UK,en,international,,House votes to force TikTok owner ByteDance to divest or,https://www.theguardian.com/technology/2024/mar/13/house-passes-tiktok-bill-ban,13 Mar 2024 — The House of Representatives passed a bill on Wednesday that would require the TikTok owner ByteDance to sell the social media platform or face ...,tiktok_1m_search1,1m,N0,neutral,general,2026-03-18T07:26:16.631605
tiktok_regulatory,TikTok,global,9c24e1ef1329c91f,www.bbc.com,UK,en,international,,US House passes bill that could ban TikTok nationwide,https://www.bbc.com/news/world-us-canada-68556540,"13 Mar 2024 — It would give the social media giant's Chinese parent company, ByteDance , six months to sell its controlling stake or the app would be blocked ...",tiktok_1m_search1,1m,N1,negative,managerial,2026-03-18T07:26:16.631632
tiktok_regulatory,TikTok,global,f5fa20e59b890745,www.congress.gov,XX,en,international,,TikTok: Frequently Asked Questions and Issues for Congress,https://www.congress.gov/crs-product/R48023,"18 Feb 2025 — PRC officials have indicated that they could apply China's export control laws to block ByteDance from divesting TikTok , stating that social ...",tiktok_1m_search1,1m,N2,neutral,legal,2026-03-18T07:26:16.631654
tiktok_regulatory,TikTok,global,303457d67c1c86d1,www.npr.org,US,en,international,,The House passed a TikTok ban bill. But is the app really,https://www.npr.org/2024/03/14/1238435508/tiktok-ban-bill-congress-china,"14 Mar 2024 — The bill gives ByteDance six months to find a buyer for TikTok . If the company cannot sell the app in that time, it will become illegal for app ...",tiktok_1m_search1,1m,N0,negative,managerial,2026-03-18T07:26:16.631681
tiktok_regulatory,TikTok,global,2e03f4e3efdfee9a,www.nytimes.com,US,en,international,,TikTok Faces U.S. Ban After Losing Bid to Overturn New Law,https://www.nytimes.com/2024/12/06/business/media/tiktok-ban-court-decision.html,"6 Dec 2024 — The law will ban the video app in the United States by Jan. 19 if its owner, ByteDance , does not sell it to a non-Chinese company.",tiktok_1m_search1,1m,N0,negative,legal,2026-03-18T07:26:16.631727
tiktok_regulatory,TikTok,global,ceef6657116e02a9,www.washingtonpost.com,US,en,international,,"TikTok hasn't been banned, yet. What the bill means and",https://www.washingtonpost.com/technology/2024/03/12/tiktok-ban-bill-us-congress,"13 Mar 2024 — If it becomes law , ByteDance would have 180 days to find a buyer for TikTok before the ban takes effect, although a sale would probably be a ...",tiktok_1m_search1,1m,N0,negative,legal,2026-03-18T07:26:16.631751
tiktok_regulatory,TikTok,global,361772c14caa3b2e,www.axios.com,XX,en,international,,Furious Congress plows forward with TikTok bill after user,https://www.axios.com/2024/03/07/tiktok-ban-congress-phone-calls,7 Mar 2024 — A key House committee voted unanimously Thursday afternoon to advance bipartisan legislation that would force ByteDance — TikTok's Chinese ...,tiktok_1m_search1,1m,N4,negative,security,2026-03-18T07:26:16.631766
redsea_shipping,Красное море,global,c7c579d07b910486,www.reuters.com,UK,en,international,,"Houthis' email alert to Red Sea ships: Prepare for attack,",https://www.reuters.com/world/middle-east/houthis-warn-shipowners-new-phase-red-sea-campaign-prepare-be-attacked-2024-10-03,"Oct 3, 2024 — The warning message was the first of more than a dozen increasingly menacing emails sent to at least six Greek shipping companies since May amid ...",redsea_year_search1,year,N4,negative,security,2026-03-18T07:26:16.631828
redsea_shipping,Красное море,global,784af9db389d5d14,www.bbc.co.uk,UK,en,international,,Houthis defiant after warning over Red Sea attacks,https://www.bbc.co.uk/news/world-middle-east-67878906,"Jan 4, 2024 — The Houthis have responded with defiance, vowing to continue targeting vessels they consider linked to Israel.",redsea_year_search1,year,N4,negative,security,2026-03-18T07:26:16.631843
redsea_shipping,Красное море,global,f88311726d033a7e,www.iiss.org,XX,en,international,,Global implications of the shipping attacks in the Red Sea,https://www.iiss.org/online-analysis/online-analysis/2023/12/global-implications-of-the-shipping-attacks-in-the-red-sea,"The focus of attacks seemed to be Saudi-linked maritime assets. More recently, in the wake of the 7 October Hamas attacks on Israel, and ...",redsea_year_search1,year,N0,negative,security,2026-03-18T07:26:16.631861
redsea_shipping,Красное море,global,55c13df8991f5099,www.facebook.com,XX,en,international,,Houthis Issue New Warning Over Red Sea Shipping Lanes,https://www.facebook.com/encountertodayreels/posts/-houthis-issue-new-warning-over-red-sea-shipping-lanes-iran-backed-houthi-forces/836303056133084,"Since October 2023 , they have attacked over 60 vessels ... Red Sea soon after the conflict between Gaza and Israel that began in 2023.",redsea_year_search1,year,N4,negative,security,2026-03-18T07:26:16.631873
redsea_shipping,Красное море,global,5d7672d542ceb69a,trans.info,XX,en,international,,Houthis pause Red Sea shipping attacks after Gaza ceasefire,https://trans.info/en/houthis-pause-red-sea-attacks-439130,"Nov 12, 2025 — Yemen's Houthis have halted Red Sea attacks after the Gaza ceasefire, easing pressure on global trade but experts urge caution.",redsea_year_search1,year,N0,negative,security,2026-03-18T07:26:16.631893
redsea_shipping,Красное море,global,aaf70ea867046168,www.forbes.com,XX,en,international,,Attacks On Ships In Red Sea Could Be First Sign Of A,https://www.forbes.com/sites/edwardsegal/2023/12/17/attacks-on-ships-in-red-sea-could-be-first-sign-of-a-supply-chain-crisis,"Dec 17, 2023 — The recent attacks on ships in the Red Sea are an early warning sign that another international supply chain crisis could happen in the ...",redsea_year_search1,year,N4,negative,security,2026-03-18T07:26:16.631907
redsea_shipping,Красное море,global,de75331e490b27af,en.wikipedia.org,XX,en,international,,Red Sea crisis,https://en.wikipedia.org/wiki/Red_Sea_crisis,"The Red Sea crisis (Arabic: أزمة البحر الأحمر) began on 19 October 2023 , when the Iran-backed Houthis in Yemen launched missiles and armed drones at Israel, ...",redsea_year_search1,year,N4,negative,security,2026-03-18T07:26:16.631921
redsea_shipping,Красное море,global,548936d0cfab02e8,www.freightwaves.com,XX,en,international,,UPDATED: Iran-backed Houthi warn of new Red Sea attacks,https://www.freightwaves.com/news/iran-backed-houthi-warn-of-new-red-sea-attacks,"Feb 28, 2026 — Houthi rebels in Yemen warned they will resume drone and missile attacks on Red Sea shipping after Israel and the United States on Saturday ...",redsea_year_search1,year,N4,negative,security,2026-03-18T07:26:16.631936
redsea_shipping,Красное море,global,e78b91a6b2958497,www.theguardian.com,UK,en,international,,Yemen's Houthis warn ships in Red Sea to avoid Israel or,https://www.theguardian.com/world/2023/dec/13/yemen-houthis-red-sea-ship-israel-attack,"Dec 12, 2023 — A senior official from Yemen's Houthis has warned cargo ships in the Red Sea to avoid travelling towards Israel and the occupied territories.",redsea_year_search1,year,N4,negative,security,2026-03-18T07:26:16.631950
redsea_shipping,Красное море,global,8aa59d7921dffe6f,www.timesofisrael.com,XX,en,international,,World business leaders fear lasting bottlenecks from,https://www.timesofisrael.com/business-leaders-fear-lasting-bottlenecks-from-houthi-red-sea-attacks,"Jan 17, 2024 — Business chiefs warned Wednesday that disruption to shipping in the Red Sea caused by attacks by Yemen's Houthis could affect supply chains for months.",redsea_year_search1,year,N4,negative,security,2026-03-18T07:26:16.631965
wildberries_conflict,Wildberries,russian,217e007d9c9dc4a0,www.reuters.com,UK,en,international,,Two dead after shooting at Moscow office of Russia's,https://www.reuters.com/world/europe/one-killed-shooting-outside-moscow-office-russias-wildberries-2024-09-18,"Two people were killed and seven others wounded in a shooting at the Moscow office of Russia's largest online retailer Wildberries, investigators said on ...",wildberries_1m_search1,1m,N0,negative,general,2026-03-18T07:26:16.632040
wildberries_conflict,Wildberries,russian,be9150da12e2155d,www.themoscowtimes.com,XX,en,international,,"2 Killed, Several Injured After Shooting Outside Wildberries",https://www.themoscowtimes.com/2024/09/18/2-killed-several-injured-after-shooting-outside-wildberries-office-in-moscow-a86404,At least two people were killed and several others injured in a shooting incident at the headquarters of Russian online retailer Wildberries in Moscow on ...,wildberries_1m_search1,1m,N0,negative,general,2026-03-18T07:26:16.632065
wildberries_conflict,Wildberries,russian,934b65750d677874,www.rferl.org,XX,en,international,,"2 Dead, Several Wounded In Shoot-Out Near Moscow",https://www.rferl.org/a/bakalchuk-wildberries-attack-shoot-out-wounded-people-kadyrov/33124947.html,"18 Sept 2024 — Two people were killed and seven -- including two police officers -- were wounded in a shoot-out near the office of Russia's largest online retailer, ...",wildberries_1m_search1,1m,N0,negative,general,2026-03-18T07:26:16.632096
wildberries_conflict,Wildberries,russian,b353f56a1b130030,www.nytimes.com,US,en,international,,"An Ugly Divorce, Russia's Richest Woman and a Deadly",https://www.nytimes.com/2024/09/18/world/europe/russia-shooting-wildberries-bakalchuk.html,"18 Sept 2024 — The Russian businesswoman Tatyana V. Bakalchuk has been locked in a dispute with her estranged husband for months over the fate of her company, Wildberries.",wildberries_1m_search1,1m,N0,negative,managerial,2026-03-18T07:26:16.632134
wildberries_conflict,Wildberries,russian,f7ca8511b8d0df2a,www.aljazeera.com,QA,en,international,,Russia silent on corporate shootout at e-retailer Wildberries,https://www.aljazeera.com/news/2024/9/23/russia-silent-on-corporate-shootout-at-e-retailer-wildberries,"Moscow is remaining silent on a deadly shootout last week at the Moscow office of Russia's largest online retailer, Wildberries .",wildberries_1m_search1,1m,N0,neutral,managerial,2026-03-18T07:26:16.632156
wildberries_conflict,Wildberries,russian,e4753eed0afe0e7e,www.cnn.com,US,en,international,,Husband of Russia's richest woman arrested on murder,https://www.cnn.com/2024/09/19/europe/russia-husband-richest-woman-murder-charge-intl,"19 Sept 2024 — Two people were killed in a shooting Wednesday just a few blocks away from the Kremlin at the Wildberries office, as a dispute over the ...",wildberries_1m_search1,1m,N0,negative,legal,2026-03-18T07:26:16.632178
wildberries_conflict,Wildberries,russian,632af9f613cdfc88,theprint.in,XX,en,international,,Two dead after shooting at Moscow office of Russia's,https://theprint.in/world/two-dead-after-shooting-at-moscow-office-of-russias-wildberries/2273654,18 Sept 2024 — MOSCOW (Reuters) – Two people were killed and seven others wounded in a shooting at the Moscow office of Russia's largest online retailer ...,wildberries_1m_search1,1m,N0,negative,general,2026-03-18T07:26:16.632214
wildberries_conflict,Wildberries,russian,bf6c3aa7c63d0693,novayagazeta.eu,XX,en,international,,Seven charged following shootout at offices of Russia's,https://novayagazeta.eu/articles/2024/09/19/seven-charged-following-shootout-at-offices-of-russias-biggest-online-retailer-in-moscow-en-news,"Seven people have been charged following a shootout on Wednesday at the Moscow headquarters of Wildberries, Russia's largest online retailer.",wildberries_1m_search1,1m,N0,neutral,general,2026-03-18T07:26:16.632238
wildberries_conflict,Wildberries,russian,282e2d25caadd132,meduza.io,XX,en,international,,Gunfire breaks out in Moscow as Wildberries CEO claims,https://meduza.io/en/feature/2024/09/18/gunfire-breaks-out-in-moscow-as-wildberries-ceo-claims-husband-led-raid-attempt-on-company-s-central-office,"18 Sept 2024 — Gunfire breaks out in Moscow as Wildberries CEO claims husband led raid attempt on company's central office . 8:46 am, September 18, 2024. Source ...",wildberries_1m_search1,1m,N0,negative,managerial,2026-03-18T07:26:16.632273
wildberries_conflict,Wildberries,russian,13fde4243f1d5670,kyivindependent.com,XX,en,international,,Shots fired at Moscow office of Russia's largest online,https://kyivindependent.com/shooting-wildberries-office,"19 Sept 2024 — A fight broke out at the head office of Wildberries , Russia's largest online retailer, killing at least two people and injuring seven others.",wildberries_1m_search1,1m,N0,negative,general,2026-03-18T07:26:16.632312
egg_crisis_russia,Яичный кризис,russian,9cec49cec70ba890,www.businessinsider.com,XX,en,international,,Vladimir Putin's Latest Battle? Spiraling Egg Prices in Russia.,https://www.businessinsider.com/vladimir-putin-russia-economy-egg-price-crisis-soviet-union-ukraine-2024-1,"Eggs have come to symbolize the economic disruption that Russia is facing, with prices jumping 42% in the 12 months prior to November 2023, per ...",eggs_1m_search1,1m,N0,neutral,economic,2026-03-18T07:26:16.632397
egg_crisis_russia,Яичный кризис,russian,d3cc595ae5a0d33f,www.newsnationnow.com,XX,en,international,,Russian egg crisis: What's behind price hikes? - NewsNation,https://www.newsnationnow.com/world/russia-egg-prices-high-ukraine-war-sanctions,"Egg prices have soared 40% in 2023. It's a major problem besetting the country that is approaching two years since it launched its invasion of Ukraine.
What’s driving the price hikes? Economic analysts point to the increase in military spending that has caused inflation in consumer goods, according to the Kyiv Post.",eggs_1m_search1,1m,N4,negative,security,2026-03-18T07:26:16.632433
egg_crisis_russia,Яичный кризис,russian,257ed6267c302407,timesofindia.indiatimes.com,XX,en,international,,'I apologize for this': Why Putin said sorry to Russians - Times of India,https://timesofindia.indiatimes.com/world/rest-of-world/russian-president-vladimir-putin-apologizes-for-high-egg-prices-in-russia/articleshow/106017160.cms,"The price of eggs increased by 13% in October 2023 and another 15% in November 2023. Russia, which exported 1.2 billion eggs in 2022, has faced ... Missing: crisis | Show results with: crisis",eggs_1m_search1,1m,N4,negative,economic,2026-03-18T07:26:16.632455
egg_crisis_russia,Яичный кризис,russian,9c8193e0b2416238,www.reuters.com,UK,en,international,,"Russia to exempt eggs from import duties as prices climb, stocks",https://www.reuters.com/markets/commodities/russia-exempt-eggs-import-duties-prices-climb-stocks-dwindle-2023-12-13,Egg prices have risen more than 40% so far this year and empty egg shelves have been seen in some Moscow supermarkets in the past week. Eggs ... Missing: crisis | Show results with: crisis,eggs_1m_search1,1m,N4,negative,economic,2026-03-18T07:26:16.632472
egg_crisis_russia,Яичный кризис,russian,de97bfd8ab37fa94,www.euronews.com,FR,en,international,,Worry in Russia as egg prices soar ahead of festive season,https://www.euronews.com/business/2023/12/12/worry-in-russia-as-egg-prices-soar-ahead-of-festive-season,"Some Moscow residents claim egg prices have doubled, as Russia continues to battle persistent inflation and Western sanctions. Missing: crisis | Show results with: crisis
Surging egg prices, against a backdrop of high inflation and economic sanctions, are worrying the Russian authorities, especially as eggs are a symbolic and central ingredient of the...",eggs_1m_search1,1m,N4,negative,economic,2026-03-18T07:26:16.632487
egg_crisis_russia,Яичный кризис,russian,ddd4018abc881b86,www.telegraph.co.uk,XX,en,international,,Kremlin scrambled as egg prices in Russia soar by more than 40 per,https://www.telegraph.co.uk/world-news/2023/12/10/kremlin-scrambled-egg-prices-russia-soar-40-per-cent-year,"The price of eggs in Russia jumped 13 per cent in October 2023 and another 15 per cent in November, according to Russia's statistics agency.",eggs_1m_search1,1m,N0,neutral,economic,2026-03-18T07:26:16.632512
egg_crisis_russia,Яичный кризис,russian,d23f5a3f6823e71e,shankar20.medium.com,XX,en,international,,Russian Eggs are in a Crisis. Ouch! | by Shankar Narayan | Medium,https://shankar20.medium.com/russias-egg-crisis-a-cracked-economy-a4ee6ab2761e,"The price of eggs are rising sharply in Russia. In November, egg ... In Russia's case, labor shortage is the real reason for inflation.",eggs_1m_search1,1m,N4,negative,economic,2026-03-18T07:26:16.632530
egg_crisis_russia,Яичный кризис,russian,e2b2855ecc842fc8,www.newsweek.com,XX,en,international,,Russia's Egg Crisis is Spiraling Out of Control - Newsweek,https://www.newsweek.com/russia-eggs-crisis-prices-sanctions-1856439,"Russia has seen an unprecedented surge in egg prices this year against a backdrop of high inflation and sanctions imposed by the West in ...
Russia's egg crisis spiraled out of control this week after an attempt was made on the life of the head of a poultry farm in the Voronezh region, with prices for the staple food item...",eggs_1m_search1,1m,N4,negative,economic,2026-03-18T07:26:16.632549
egg_crisis_russia,Яичный кризис,russian,307bf030a922e8a0,www.tridge.com,XX,en,international,,The Central Bank of the Russian Federation noted that the increase,https://www.tridge.com/news/the-central-bank-of-the-russian-federation-noted-t-6,"In December 2023, consumer prices for eggs, according to Rosstat, increased by 61.4% in annual terms. Prices for meat products in December ... Missing: shortage crisis",eggs_1m_search1,1m,N4,negative,economic,2026-03-18T07:26:16.632563
egg_crisis_russia,Яичный кризис,russian,88e0cf1bc7fae903,socialbites.ca,XX,en,international,,"Egg Prices in Russia Rise 4.6% Across Week, Rosstat Findings",https://socialbites.ca/business/rosstat-reports-varied-regional-price-changes-for-eggs-and-other-goods-in-december-2023,"During the week spanning December 12 to December 18, 2023, chicken eggs in Russia saw a rise in price by 4.6 percent, a change verified by the Federal State Statistics Service, Rosstat.",eggs_1m_search1,1m,N0,neutral,economic,2026-03-18T07:26:16.632586
wildberries_conflict,Wildberries,russian,467b2a3dd685543f,www.bbc.com,UK,en,international,,"Развод, стрельба, кровная месть. Как развивался",https://www.bbc.com/russian/articles/c77xj007e88o,"10 Oct 2024 — Владислав Бакальчук оспаривает в суде передачу доменного имени wildberries .ru новой объединенной компании. 9 октября 2024 года. Рамзан Кадыров ...
Конфликт Владислава Бакальчука и его жены Татьяны, самой богатой женщины России, владеющей 99% акций Wildberries ...",wildberries_ru_search1,russian_sources,N0,neutral,legal,2026-03-18T07:26:16.632716
wildberries_conflict,Wildberries,russian,72e7bc58d517ef3b,www.rbc.ru,RU,ru,russian,,Появились кадры начала конфликта в офисе Wildberries,https://www.rbc.ru/business/18/09/2024/66eabaff9a7947179b00d3e3,18 Sept 2024 — Татьяна Бакальчук обвинила супруга Владислава и бывших менеджеров компании в попытке захватить офис. Ее супруг заявил о «вооруженном конфликте» ...,wildberries_ru_search1,russian_sources,N0,neutral,managerial,2026-03-18T07:26:16.632753
wildberries_conflict,Wildberries,russian,e6ad532da7d1df43,www.rbc.ru,RU,ru,russian,,Бакальчук обратилась к мужу после стрельбы в офисе,https://www.rbc.ru/business/18/09/2024/66eb10f59a79476612c5d229,"В сентябре 2024 года она сменила фамилию на девичью. В феврале 2025-го супруги официально расторгли брак. Детей суд оставил с матерью, Бакальчук ...",wildberries_ru_search1,russian_sources,N0,neutral,legal,2026-03-18T07:26:16.632783
wildberries_conflict,Wildberries,russian,1eae0fab1156d96e,meduza.io,XX,en,international,,Татьяна и Владислав Бакальчуки несколько месяцев,https://meduza.io/feature/2024/09/23/tatyana-i-vladislav-bakalchuki-neskolko-mesyatsev-publichno-razvodyatsya-i-delyat-wildberries,"23 Sept 2024 — В ответ Татьяна Бакальчук заявила, что речь идет не о рейдерском захвате, а о разводе . Так она впервые публично сообщила о расставании с мужем.",wildberries_ru_search1,russian_sources,N0,neutral,general,2026-03-18T07:26:16.632816
wildberries_conflict,Wildberries,russian,c5bc5ab8ab29b5c5,pravo.ru,RU,ru,russian,,Суд расторг брак сооснователей Wildberries,https://pravo.ru/news/256901,"11 Feb 2025 — Ким сообщила о подаче иска на развод с Бакальчуком в июле 2024 года. Это произошло после того, как бывший супруг обратился к главе Чечни Рамзану ...",wildberries_ru_search1,russian_sources,N0,neutral,legal,2026-03-18T07:26:16.632844
wildberries_conflict,Wildberries,russian,c13e954d0b25fa6d,www.malls.ru,RU,ru,russian,,Владелица Wildberries отказалась от фамилии Бакальчук,https://www.malls.ru/rus/news/vladelitsa-wildberries-otkazalas-ot-familii-bakalchuk.shtml,"23 Sept 2024 — В июле 2024 года Татьяна Бакальчук подала на развод на фоне серьезного конфликта с мужем Владиславом Бакальчуком, который возник после ...",wildberries_ru_search1,russian_sources,N0,neutral,general,2026-03-18T07:26:16.632880
wildberries_conflict,Wildberries,russian,f4b15241200e49d9,www.cnews.ru,RU,ru,russian,,Wildberries отсудила 712 миллионов у экс-мужа,https://www.cnews.ru/news/top/2025-05-20_wildberries_otsudila_712_millionov,"20 May 2025 — Wildberries выиграла иск о взыскании 712 млн руб . с компании «ВБ Девелопмент», принадлежащей Владиславу Бакальчуку, бывшему мужу ...",wildberries_ru_search1,russian_sources,N1,neutral,legal,2026-03-18T07:26:16.632908
wildberries_conflict,Wildberries,russian,5ce6e2b9b676dc64,iz.ru,RU,ru,russian,,Бакальчук рассказал о начале конфликта со стрельбой,https://iz.ru/1761858/2024-09-19/bakalchuk-rasskazal-o-nachale-konflikta-so-strelboi-v-ofise-wildberries,19 Sept 2024 — Конфликт с представителями охраны офиса Wildberries начался около полудня 18 сентября . В это время Бакальчук и сопровождавшие его люди подошли к ...,wildberries_ru_search1,russian_sources,N0,neutral,general,2026-03-18T07:26:16.632938
wildberries_conflict,Wildberries,russian,687f0d266d8abe9e,ru.wikipedia.org,XX,en,international,,Слияние Wildberries с Russ,https://ru.wikipedia.org/wiki/%D0%A1%D0%BB%D0%B8%D1%8F%D0%BD%D0%B8%D0%B5_Wildberries_%D1%81_Russ,"В ответ на это Татьяна Бакальчук опровергла захват компании и объявила о начавшемся бракоразводном процессе с супругом. Владислав Бакальчук , владеющий 1 % ...",wildberries_ru_search1,russian_sources,N0,neutral,managerial,2026-03-18T07:26:16.632974
wildberries_conflict,Wildberries,russian,f9e7cdeb5e7678dc,www.kommersant.ru,RU,ru,russian,,Конфликт в Wildberries: последние новости - Коммерсантъ,https://www.kommersant.ru/theme/3633,Между основательницей Wildberries Татьяной Ким и ее мужем Владиславом Бакальчуком идет бракоразводный процесс.,wildberries_ru_search1,russian_sources,N0,neutral,general,2026-03-18T07:26:16.633008
wagner_mutiny,ЧВК Вагнер,russian,85ac3de434fda0d8,ru.wikipedia.org,XX,en,international,,Мятеж ЧВК «Вагнер,https://ru.wikipedia.org/wiki/%D0%9C%D1%8F%D1%82%D0%B5%D0%B6_%D0%A7%D0%92%D0%9A_%C2%AB%D0%92%D0%B0%D0%B3%D0%BD%D0%B5%D1%80%C2%BB,"23 июня 2023 года Пригожин заявил о нанесении российскими военными ракетного удара по тыловым лагерям ЧВК « Вагнер », принимавшего участие во вторжении России на ... Read more",wagner_ru_search1,russian_sources,N4,neutral,security,2026-03-18T07:26:16.633092
wagner_mutiny,ЧВК Вагнер,russian,4a205e6df944fa93,lenta.ru,RU,ru,russian,,Захват Ростова и бои в Воронеже. Год назад «Вагнер,https://lenta.ru/articles/2024/06/24/vagner,"Jun 24, 2024 — Год назад, 24 июня 2023 года, ЧВК «Вагнер» заняла Ростов-на-Дону, а колонны с людьми и тяжелой техникой двинулись в сторону Москвы. Эти события ... Read more",wagner_ru_search1,russian_sources,N0,positive,general,2026-03-18T07:26:16.633151
wagner_mutiny,ЧВК Вагнер,russian,ad533e00afda2df6,www.rbc.ru,RU,ru,russian,,ЧВК в Ростове и дело против Пригожина о мятеже.,https://www.rbc.ru/politics/24/06/2023/6495fa099a79474900c48319,"Jun 24, 2023 — Евгений Пригожин заявил об ударе по лагерям « Вагнера », Минобороны расценило это как провокацию, а Путин назвал ударом в спину.",wagner_ru_search1,russian_sources,N4,positive,security,2026-03-18T07:26:16.633172
wagner_mutiny,ЧВК Вагнер,russian,4216b12d968dd86e,tass.ru,RU,ru,russian,,"Попытка вооруженного мятежа ЧВК ""Вагнер"".",https://tass.ru/proisshestviya/18104113,"Jun 23, 2023 — МИД РФ заявил, что попытка вооруженного мятежа вызывает резкое неприятие в российском обществе, которое решительно поддерживает Путина. Read more",wagner_ru_search1,russian_sources,N4,neutral,security,2026-03-18T07:26:16.633198
wagner_mutiny,ЧВК Вагнер,russian,42455a8a3f73be70,novayagazeta.ru,RU,ru,russian,,Пригожина 23—24 июня: хроника. Марш вагнеровцев на,https://novayagazeta.ru/articles/2023/06/23/evgenii-prigozhin-vzbuntovalsia-protiv-rossiiskoi-armii-vozbuzhdeno-ugolovnoe-delo,"Jun 23, 2023 — «Следственным управлением ФСБ России 23 июня 2023 года законно и обоснованно возбуждено уголовное дело в отношении Пригожина Е.В. по статье 279 ... Read more",wagner_ru_search1,russian_sources,N0,neutral,legal,2026-03-18T07:26:16.633230
wagner_mutiny,ЧВК Вагнер,russian,4a4ec0753d237799,www.bbc.com,UK,en,international,,Со дня неудачного мятежа Пригожина прошла неделя.,https://www.bbc.com/russian/articles/c14x1ny25r9o,"Jun 30, 2023 — Со дня неудавшегося военного мятежа создателя ЧВК « Вагнер » Евгения Пригожина прошла неделя. Би-би-си кратко подводит ее итоги для основных ...",wagner_ru_search1,russian_sources,N4,neutral,security,2026-03-18T07:26:16.633248
wagner_mutiny,ЧВК Вагнер,russian,4d7d8cc0fe129b1e,www.gazeta.ru,RU,ru,russian,,Хроника 24 июня. Как начался и к чему привел,https://www.gazeta.ru/army/2023/06/24/17189018.shtml,"Jun 25, 2023 — Поводом для начала вооруженного мятежа ЧВК « Вагнер » стало заявление Евгения Пригожина вечером 23 июня , в котором он обвинил «военное ... Read more",wagner_ru_search1,russian_sources,N4,neutral,security,2026-03-18T07:26:16.633268
wagner_mutiny,ЧВК Вагнер,russian,f8ad866a89665b59,meduza.io,XX,en,international,,Мятеж Пригожина закончен. ЧВК Вагнера ушла из,https://meduza.io/feature/2023/06/25/myatezh-prigozhina-zakonchen-chvk-vagnera-ushla-iz-rostova-na-donu,"23 июня глава ЧВК Вагнера Евгений Пригожин начал военный мятеж в России , обвиняя в преступлениях министра обороны Сергея Шойгу и начальника Генштаба Валерия Ге ... Read more",wagner_ru_search1,russian_sources,N4,negative,security,2026-03-18T07:26:16.633285
wagner_mutiny,ЧВК Вагнер,russian,cd48d4306a909964,ura.news,XX,en,international,,стали известны новые подробности мятежа Пригожина,https://ura.news/news/1052784742,"Jun 24, 2024 — Мятеж ЧВК ""Вагнер"", организованный Пригожиным, произошел 23-24 июня 2023 года. Пригожин тогда обвинил Минобороны РФ в ракетном ударе по ... Read more",wagner_ru_search1,russian_sources,N4,neutral,security,2026-03-18T07:26:16.633317
wagner_mutiny,ЧВК Вагнер,russian,078e51704ebcb325,www.dw.com,XX,en,international,,"Мятеж ""Вагнера"": Запад пристально следит за",https://www.dw.com/ru/zapad-sderzanno-no-pristalno-nabludaet-za-matezom-cvk-vagner-v-rossii/a-66020249,"Вечером 23 июня основатель ЧВК ""Вагнер"" Евгений Пригожин обвинил Минобороны РФ в нанесении ракетных ударов по позициям наемников. После этого они двинулись в Р ... Read more",wagner_ru_search1,russian_sources,N4,neutral,security,2026-03-18T07:26:16.633337
boeing_crisis,Boeing,global,873a1c5224ea35b8,www.faa.gov,XX,en,official,,FAA Continues to Hold Boeing Accountable for,https://www.faa.gov/newsroom/faa-continues-hold-boeing-accountable-implementing-safety-and-production-quality-fixes,"30 May 2024 — The FAA identified non-compliance issues in Boeing's manufacturing process control, parts handling and storage, and product control. Read more",boeing_1m_search2,1m,N2,neutral,legal,2026-03-18T07:26:16.633454
boeing_crisis,Boeing,global,6520b4ef621e71e0,www.reuters.com,UK,en,international,,US FAA hits Boeing 737 MAX production for quality control,https://www.reuters.com/business/aerospace-defense/us-faa-says-boeing-737-max-production-audit-found-compliance-issues-2024-03-04,"5 Mar 2024 — The FAA also said it found ""non-compliance issues in Boeing's manufacturing process control, parts handling and storage, and product control."" ... Read more",boeing_1m_search2,1m,N2,neutral,legal,2026-03-18T07:26:16.633479
boeing_crisis,Boeing,global,6756b1bfc5c29d1e,www.hsgac.senate.gov,XX,en,international,,New Details of Boeing's Safety Failures and Pressure to,https://www.hsgac.senate.gov/wp-content/uploads/2024.9.25-PSI-Hearing-FAA-Boeing-Oversight-Majority-Staff-Background-Memo-2.pdf,"24 Sept 2024 — Previously non-public details of the FAA's 2024 special audit findings reveal the extent of troubling production problems , including Boeing's ... Read more 23 pages",boeing_1m_search2,1m,N2,negative,general,2026-03-18T07:26:16.633519
boeing_crisis,Boeing,global,fbdb242ea3d7e801,www.theguardian.com,UK,en,international,,"US oversight of Boeing airplane production inadequate,",https://www.theguardian.com/business/2024/oct/11/boeing-airline-faa-report,11 Oct 2024 — Federal watchdog says FAA does not have effective system to oversee Boeing's manufacturing facilities.,boeing_1m_search2,1m,N0,neutral,general,2026-03-18T07:26:16.633554
boeing_crisis,Boeing,global,48465c0a5cc835f1,www.business-standard.com,XX,en,international,,"NTSB blames Boeing, FAA oversight failures for 2024",https://www.business-standard.com/industry/aviation/ntsb-blames-boeing-faa-oversight-failures-for-2024-midair-blowout-125062500142_1.html,25 Jun 2025 — Boeing Co.'s failure to provide adequate training and oversight to its factory workers led to a door-sized panel blowing off a 737 Max aircraft ... Read more,boeing_1m_search2,1m,N3,negative,general,2026-03-18T07:26:16.633590
boeing_crisis,Boeing,global,4e6c3aafa5607b5a,www.npr.org,US,en,international,,How bad is Boeing's 2024 so far? Here's a timeline,https://www.npr.org/2024/03/20/1239132703/boeing-timeline-737-max-9-controversy-door-plug,20 Mar 2024 — The FAA gives Boeing 90 days to fix quality control issues . Critics say they run deep. Though commercial air travel is still very safe ... Read more,boeing_1m_search2,1m,N2,neutral,legal,2026-03-18T07:26:16.633620
boeing_crisis,Boeing,global,62fed975d90d5335,www.financialexpress.com,XX,en,international,,Boeing hit by fresh scrutiny as FAA flags series of factory,https://www.financialexpress.com/business/airlines-aviation-boeing-hit-by-fresh-scrutiny-as-faa-flags-series-of-factory-violations-proposes-3-1million-fine-3976245,"13 Sept 2025 — The FAA found hundreds of quality system violations at the planemaker's 737 factory in Renton, Washington, and Boeing subcontractor Spirit ...",boeing_1m_search2,1m,N0,neutral,general,2026-03-18T07:26:16.633655
boeing_crisis,Boeing,global,d7b842a8f7d6461d,www.oig.dot.gov,XX,en,international,,FAA Oversight of Boeing 737 and 787  - DOT OIG,https://www.oig.dot.gov/sites/default/files/library-items/FAA%20Oversight%20of%20Boeing%20737%20and%20787%20Production_Final%20Report-10-09-24_0.pdf,"9 Oct 2024 — Boeing paused its 787 aircraft delivery in. 2020 due to production quality issues , and in December 2021, FAA mandated inspections on certain ... Read more 42 pages",boeing_1m_search2,1m,N2,neutral,legal,2026-03-18T07:26:16.633686
boeing_crisis,Boeing,global,4201260104565de9,www.cnn.com,US,en,international,,"After a string of safety issues, Boeing is about to release",https://www.cnn.com/2024/05/29/business/boeing-faa-plan-airplane-quality-problems,29 May 2024 — Boeing is expected to release a plan this week to fix its endless string of safety issues that have been under federal investigation following a midflight ... Read more,boeing_1m_search2,1m,N2,neutral,legal,2026-03-18T07:26:16.633730
boeing_crisis,Boeing,global,a46cec5d23829f3d,www.nytimes.com,US,en,international,,FAA Audit of Boeing's 737 Max Production Found Dozens,https://www.nytimes.com/2024/03/11/us/politics/faa-audit-boeing-737-max.html,11 Mar 2024 — A six-week audit by the Federal Aviation Administration of Boeing's production of the 737 Max jet found dozens of problems throughout the manufacturing process. Read more,boeing_1m_search2,1m,N2,neutral,general,2026-03-18T07:26:16.633769
mpox_outbreak,Mpox,global,f270c84761295d21,www.who.int,CH,en,official,,Mpox – African Region,https://www.who.int/emergencies/disease-outbreak-news/item/2024-DON528,"Aug 22, 2024 — As of 17 August 2024 , there had been 545 alerts of mpox cases since the outbreak declaration, of which 474 suspected cases (86.9%) had been ...",mpox_1m_search1,1m,N0,neutral,medical,2026-03-18T07:26:16.633889
mpox_outbreak,Mpox,global,949a8077265a1013,www.who.int,CH,en,official,,WHO Director-General declares mpox outbreak a public,https://www.who.int/news/item/14-08-2024-who-director-general-declares-mpox-outbreak-a-public-health-emergency-of-international-concern,"Aug 14, 2024 — Mpox , originating in Africa , was neglected there, and later caused a global outbreak in 2022. It is time to act decisively to prevent history ...",mpox_1m_search1,1m,N0,neutral,medical,2026-03-18T07:26:16.633924
mpox_outbreak,Mpox,global,e8a18661a76b76f8,africacdc.org,XX,en,international,,Africa CDC Declares Mpox A Public Health Emergency of,https://africacdc.org/news-item/africa-cdc-declares-mpox-a-public-health-emergency-of-continental-security-mobilizing-resources-across-the-continent,"Aug 13, 2024 — So far in 2024 , these countries have confirmed 2,863 cases and 517 deaths, primarily in the Democratic Republic of the Congo (DRC). Suspected ...",mpox_1m_search1,1m,N4,negative,medical,2026-03-18T07:26:16.633947
mpox_outbreak,Mpox,global,aaa07d811fc64ee0,www.theguardian.com,UK,en,international,,Mpox outbreak in Africa is public health emergency,https://www.theguardian.com/world/article/2024/aug/14/mpox-outbreak-africa-public-health-emergency-declares-who,"Aug 14, 2024 — As of 4 August , there had been 38,465 cases of mpox and 1,456 deaths in Africa since January 2022, including more than 14,000 cases and 524 ...",mpox_1m_search1,1m,N4,negative,medical,2026-03-18T07:26:16.633974
mpox_outbreak,Mpox,global,0242247e68421e68,www.who.int,CH,en,official,,Mpox outbreak,https://www.who.int/emergencies/situations/mpox-outbreak,"A global outbreak of mpox began in May 2022 and continues to this day. In recent months, cases have been increasing in the Democratic Republic of the Congo. A ...",mpox_1m_search1,1m,N1,neutral,medical,2026-03-18T07:26:16.633994
mpox_outbreak,Mpox,global,a6fcbddde53d097f,www.science.org,XX,en,international,,Africa's mpox epidemic no longer an international,https://www.science.org/content/article/africa-s-mpox-epidemic-no-longer-international-emergency-who-says,"The disease continues to spread in several African countries, but cases ...",mpox_1m_search1,1m,N0,neutral,medical,2026-03-18T07:26:16.634019
mpox_outbreak,Mpox,global,86461476ba3391e3,www.nytimes.com,US,en,international,,W.H.O. Declares Global Emergency Over New Mpox,https://www.nytimes.com/2024/08/14/health/mpox-who-emergency-africa.html,"Aug 14, 2024 — The epidemic is concentrated in the Democratic Republic of Congo, but the virus has now appeared in a dozen other African countries.",mpox_1m_search1,1m,N4,neutral,medical,2026-03-18T07:26:16.634046
mpox_outbreak,Mpox,global,79d1145642a99fcb,www.cdc.gov,XX,en,official,,FACT SHEET: United States Response to the Clade I Mpox,https://www.cdc.gov/media/releases/2024/s0822-mpox-outbreak.html,"Aug 22, 2024 — On August 14, 2024 , the World Health Organization (WHO) declared a Public Health Emergency of International Concern about the upsurge of ...",mpox_1m_search1,1m,N4,neutral,medical,2026-03-18T07:26:16.634069
mpox_outbreak,Mpox,global,db943ad03170701d,news.un.org,XX,en,official,,WHO on alert as mpox cases surge to unprecedented levels in,https://news.un.org/en/story/2024/08/1152956,"Aug 8, 2024 — The UN World Health Organization (WHO) on Thursday raised the response to the mpox outbreak in over a dozen African countries to the highest level.",mpox_1m_search1,1m,N0,neutral,medical,2026-03-18T07:26:16.634096
mpox_outbreak,Mpox,global,44bae10bd5395d1c,www.bmj.com,XX,en,international,,WHO and African CDC declare mpox a public health,https://www.bmj.com/content/386/bmj.q1809.full.pdf,"Mar 6, 2026 — In the week to 4 August 2024 , there were 887 new confirmed and ... Africa poised to declare continentwide emergency alarm for mpox outbreak .",mpox_1m_search1,1m,N4,neutral,medical,2026-03-18T07:26:16.634127
boeing_crisis,Boeing,global,4caa5326e45725e8,en.wikipedia.org,XX,en,international,,Alaska Airlines Flight 1282 - Wikipedia,https://en.wikipedia.org/wiki/Alaska_Airlines_Flight_1282,"Shortly after takeoff on January 5, 2024 , a door plug on the Boeing 737 MAX 9 aircraft blew out, causing an uncontrolled decompression of the aircraft.
Shortly after takeoff on January 5, 2024, a door plug on the Boeing 737 MAX 9 aircraft blew out , causing an uncontrolled decompression of the aircraft. Alaska ...",boeing_1m_search1,1m,N0,neutral,general,2026-03-18T07:26:16.634223
boeing_crisis,Boeing,global,de282072e4db63bc,apnews.com,US,en,international,,NTSB investigation into Boeing 737 Max door plug prompts,https://apnews.com/article/boeing-ntsb-door-plug-737-alaska-airlines-721493c5e64081145aab21f2cf3fabcd,24 Jun 2025 — The NTSB investigation over the past 17 months found that four bolts securing what is known as the door plug panel were removed and never replaced during a ...,boeing_1m_search1,1m,N0,neutral,legal,2026-03-18T07:26:16.634248
boeing_crisis,Boeing,global,495d49f06a60b6a0,www.fox13seattle.com,US,en,international,,Alaska Airlines pilot sues Boeing over door plug blowout,https://www.fox13seattle.com/news/alaska-airlines-pilot-sues-boeing-spirit-door-plug,6 Jan 2026 — An Alaska Airlines pilot has filed a $10 million lawsuit against Boeing and Spirit AeroSystems following a January 2024 incident in which a door ...,boeing_1m_search1,1m,N0,neutral,legal,2026-03-18T07:26:16.634271
boeing_crisis,Boeing,global,9100a611f42abee0,news.alaskaair.com,XX,en,international,,"Flight 1282, one year later – what we've learned and how",https://news.alaskaair.com/company/flight-1282-one-year-later,"3 Jan 2025 — On Friday, Jan. 5, 2024 , Alaska Airlines temporarily grounded its fleet of 65 737 -9 MAX aircraft after a door plug detached during Flight ...
Jan 3, 2025 — On Friday, Jan. 5, 2024, Alaska Airlines temporarily grounded its fleet of 65 737-9 MAX aircraft after a door plug detached during Flight ...",boeing_1m_search1,1m,N0,neutral,general,2026-03-18T07:26:16.634318
boeing_crisis,Boeing,global,ff049a9d0af7c196,www.facebook.com,XX,en,international,,"In January 2024, a door plug on a Boeing 737 Max",https://www.facebook.com/logical.indian/posts/in-january-2024-a-door-plug-on-a-boeing-737-max-operated-by-alaska-airlines-blew/1125919239567050,"In January 2024 , a door plug on a Boeing 737 Max operated by Alaska Airlines blew out midair. Thankfully, there were no de/ths—but the ...",boeing_1m_search1,1m,N0,neutral,general,2026-03-18T07:26:16.634357
boeing_crisis,Boeing,global,1f890a6839976271,www.aljazeera.com,QA,en,international,,US opens safety investigation into Boeing after Alaska,https://www.aljazeera.com/news/2024/1/12/us-opens-safety-investigation-into-boeing-after-alaska-airlines-blowout,12 Jan 2024 — Airlines are conducting safety checks on their Boeing 737 MAX planes after a door panel ripped off an Alaska flight. Published On 7 Jan 2024 7 ...,boeing_1m_search1,1m,N0,neutral,legal,2026-03-18T07:26:16.634391
boeing_crisis,Boeing,global,ec0424b250d37b3e,www.linkedin.com,XX,en,international,,AirwayBuzz's Post,https://www.linkedin.com/posts/airwaybuzz_alaska-airlines-decides-not-to-return-737-activity-7430539782377803776-9Cz2,Alaska Airlines Decides Not to Return 737 MAX 9 to Service Alaska Airlines ... January 2024 door plug incident on Flight 1282 back into service.,boeing_1m_search1,1m,N0,neutral,general,2026-03-18T07:26:16.634417
boeing_crisis,Boeing,global,88c9ff97157d799a,alaskabeacon.com,XX,en,international,,Boeing door plug blowout highlights a possible crisis of,https://alaskabeacon.com/2024/02/01/boeing-door-plug-blowout-highlights-a-possible-crisis-of-competence,"1 Feb 2024 — The Jan. 5, 2024 , explosive decompression after takeoff was related to a component called a “door plug” being ejected from the fuselage of the aircraft.",boeing_1m_search1,1m,N4,negative,general,2026-03-18T07:26:16.634444
boeing_crisis,Boeing,global,ae6979ba16286e6c,www.npr.org,US,en,international,,NTSB blames Boeing in 737 Max door plug blowout,https://www.npr.org/2025/06/24/nx-s1-5442564/ntsb-boeing-737-max-door-plug-alaska-airlines,"Jun 24, 2025 — No one was killed or seriously injured when the door plug panel blew out of an Alaska Airlines flight shortly after takeoff. NTSB chair Jennifer ...",boeing_1m_search1,1m,N3,negative,general,2026-03-18T07:26:16.634475
boeing_crisis,Boeing,global,8d7d6773f051a21e,www.reddit.com,XX,en,international,,"In 2024, Alaska Airlines Flight 1282 Lost a Door Shortly",https://www.reddit.com/r/aviation/comments/1q4m4kw/today_in_aviation_history_january_5th_in_2024,"Today in Aviation History (January 5th): In 2024, Alaska Airlines Flight 1282 Lost a Door Shortly After Takeoff From PDX. History.",boeing_1m_search1,1m,N0,neutral,general,2026-03-18T07:26:16.634504
egg_crisis_russia,Яичный кризис,russian,3a22e38db9c083d2,www.e1.ru,RU,ru,russian,,В России снова выросли цены на яйца,https://www.e1.ru/text/economics/2026/02/25/76280720,"25 Feb 2026 — То, что цены на куриные яйца в супермаркетах вновь начали заметно расти , для покупателей это выглядит как очередной скачок. Экономисты же ...",eggs_ru_search1,russian_sources,N0,neutral,economic,2026-03-18T07:26:16.634616
egg_crisis_russia,Яичный кризис,russian,13d9c22209689c7d,ura.news,XX,en,international,,В России вновь взлетели цены на яйца после годичного,https://ura.news/news/1053070424,"18 Feb 2026 — В России зафиксировано резкое ускорение роста цен на куриные яйца : за неделю с 10 по 16 февраля 2026 года они подорожали на 3,4%.",eggs_ru_search1,russian_sources,N0,positive,economic,2026-03-18T07:26:16.634657
egg_crisis_russia,Яичный кризис,russian,17a6ddfb79e309b1,www.forbes.ru,RU,ru,russian,,сообщил о росте оптовых цен на яйца из-за Масленицы,https://www.forbes.ru/biznes/555924-kommersant-soobsil-o-roste-optovyh-cen-na-ajca-iz-za-maslenicy-bolee-cem-na-80,"20 Feb 2026 — Оптовые цены на яйца подскочили более чем на 80 % из-за Масленицы, сообщает «Коммерсантъ». Эксперты отметили, что подорожание фиксируется ...",eggs_ru_search1,russian_sources,N0,positive,economic,2026-03-18T07:26:16.634721
egg_crisis_russia,Яичный кризис,russian,cdb0c3da1a04af91,lenta.ru,RU,ru,russian,,"Цены на яйца в 2023 году: почему выросли, снизятся ли",https://lenta.ru/news/2023/12/11/po-sotke-i-bolshe,"11 Dec 2023 — Только с начала 2023 года стоимость десятка куриных яиц на российском рынке увеличилась на 36,63 процента , а за ноябрь поднялась на 15 процентов ...",eggs_ru_search1,russian_sources,N0,neutral,economic,2026-03-18T07:26:16.634759
egg_crisis_russia,Яичный кризис,russian,ffb8f2a088e6cfef,rg.ru,RU,ru,russian,,Цены на яйца впервые с 2023 года опустились ниже 100,https://rg.ru/2025/06/12/ekspert-ceny-na-iajca-mogli-snizitsia-blagodaria-konkurencii-sredi-proizvoditelej.html,"12 June 2025 — По данным Росстата, стоимость десятка яиц в России опустилась ниже 100 рублей впервые с октября 2023 года. На ценообразование мог повлиять ...",eggs_ru_search1,russian_sources,N0,neutral,economic,2026-03-18T07:26:16.634788
egg_crisis_russia,Яичный кризис,russian,c912aee20df1caa4,expert.ru,RU,ru,russian,,В России зафиксировали кризис перепроизводства яиц,https://expert.ru/news/v-rossii-zafiksirovali-krizis-pereproizvodstva-yaits,"17 Dec 2025 — По данным Росстата, в декабре 2023 года цены на куриные яйца взлетели почти на 60 % по сравнению с декабрем 2022 года. Комментируя сложившуюся ...",eggs_ru_search1,russian_sources,N4,negative,economic,2026-03-18T07:26:16.634812
egg_crisis_russia,Яичный кризис,russian,27ba1b2ff74b9ea4,fomag.ru,RU,ru,russian,,Цены на куриные яйца в России упали ниже уровня,https://fomag.ru/news-streem/tseny-na-kurinye-yaytsa-v-rossii-upali-nizhe-urovnya-2023-goda-rusprodsoyuz,"1 Oct 2025 — МОСКВА, 1 октября. /ТАСС/. Стоимость куриных яиц в России составляет 84 руб. за десяток , что на 0,4% ниже уровня 2023 года.",eggs_ru_search1,russian_sources,N0,neutral,economic,2026-03-18T07:26:16.634845
egg_crisis_russia,Яичный кризис,russian,e98897e461c00b2f,www.kp.ru,RU,ru,russian,,В магазинах появились яйца по 35 рублей за десяток,https://www.kp.ru/daily/27713/5101659,"17 June 2025 — С начала 2025 года, по данным Росстата, те же яйца подешевели почти на 20%. И это Росстат явно отстал от жизни. По его подсчетам, десяточек в ...",eggs_ru_search1,russian_sources,N0,neutral,general,2026-03-18T07:26:16.634888
egg_crisis_russia,Яичный кризис,russian,532400710e04c93b,meduza.io,XX,en,international,,В соцсетях все обсуждают цены на яйца. Почему они,https://meduza.io/feature/2023/12/13/v-sotssetyah-vse-obsuzhdayut-tseny-na-yaytsa-pochemu-oni-tak-podorozhali,"13 Dec 2023 — Осенью 2023 года в российских магазинах резко выросли цены на яйца : в сентябре они подскочили на 17,4% в годовом выражении (рост цен произошел в ...",eggs_ru_search1,russian_sources,N0,mixed,economic,2026-03-18T07:26:16.634924
egg_crisis_russia,Яичный кризис,russian,42b7261d2a6c8b78,www.dw.com,XX,en,international,,Цены на яйца в России: как решить проблему,https://www.dw.com/ru/ceny-na-ajca-v-rossii-kak-resit-problemu/a-67669372,11.12.2023. Генпрокуратура РФ проверяет резкий рост цен на куриные яйца в стране . Из-за их дефицита в некоторых регионах ограничили продажу яиц в одни руки.,eggs_ru_search1,russian_sources,N2,negative,economic,2026-03-18T07:26:16.634953
wagner_mutiny,ЧВК Вагнер,russian,486e46954550b1aa,en.wikipedia.org,XX,en,international,,Wagner Group rebellion - Wikipedia,https://en.wikipedia.org/wiki/Wagner_Group_rebellion,"On 23 June 2023, the Wagner Group, a Russian private military company, staged an uprising against the Russian government.",wagner_3m_search1,3m,N4,neutral,security,2026-03-18T07:26:16.635040
wagner_mutiny,ЧВК Вагнер,russian,3240dab797eb7815,www.theguardian.com,UK,en,international,,The Wagner uprising: 24 hours that shook Russia - The Guardian,https://www.theguardian.com/world/2023/jun/25/prigozhins-march-on-moscow-chronology-of-an-attempted-coup,"The feud escalated dramatically on 10 June, when Shoigu announced that Wagner soldiers would have to sign contracts with his ministry. In effect, Wagner would ...",wagner_3m_search1,3m,N0,neutral,general,2026-03-18T07:26:16.635079
wagner_mutiny,ЧВК Вагнер,russian,0bc1bf2cf9ff83c1,www.bbc.com,UK,en,international,,"Wagner, Prigozhin, Putin and Shoigu: Bitter rivalries that led  - BBC",https://www.bbc.com/news/world-europe-66013532,Yevgeny Prigozhin's brief rebellion was motivated as much by personal rivalries as any real political differences with the Kremlin.,wagner_3m_search1,3m,N4,neutral,general,2026-03-18T07:26:16.635120
wagner_mutiny,ЧВК Вагнер,russian,306e7f5d5bfd2303,www.aljazeera.com,QA,en,international,,Russia defence chief Shoigu appears in video after Wagner revolt,https://www.aljazeera.com/news/2023/6/26/russias-shoigu-makes-first-public-appearance-after-wagner-revolt,Russian Defence Minister Sergey Shoigu has made his first public appearance after Wagner Group chief Yevgeny Prigozhin demanded he quit in a rebellion in ...,wagner_3m_search1,3m,N4,neutral,general,2026-03-18T07:26:16.635150
wagner_mutiny,ЧВК Вагнер,russian,689bdc2af3e79731,edition.cnn.com,US,en,international,,Analysis: Why Prigozhin's short-lived Russian rebellion failed - CNN,https://edition.cnn.com/2023/06/26/europe/prigozhin-putin-wagner-rebellion-analysis-intl,"The Wagner boss's obvious hatred of Shoigu had developed into a festering turf war over who would control Wagner. ... Russia, Friday, June 23, ...",wagner_3m_search1,3m,N4,negative,security,2026-03-18T07:26:16.635171
wagner_mutiny,ЧВК Вагнер,russian,6840adf0e7faa0b9,www.pravda.com.ua,XX,en,international,,Prigozhin says Russian Defence Minister attacked Wagner,https://www.pravda.com.ua/eng/news/2023/06/23/7408266,"The leader of the Wagner Group, Yevgeny Prigozhin, has claimed that the regular Russian army launched a missile strike on his mercenaries' rear camps.",wagner_3m_search1,3m,N0,negative,security,2026-03-18T07:26:16.635196
wagner_mutiny,ЧВК Вагнер,russian,8adcacb2fd5ff10a,www.npr.org,US,en,international,,Russian mercenary chief says his forces are rebelling to oust  - NPR,https://www.npr.org/2023/06/23/1184090744/russia-wagner-group-yevgeny-prigozhin-criminal-case,"Prigozhin said Wagner field camps in Ukraine were struck by rockets, helicopter gunships and artillery fire on orders from Gerasimov following a ...",wagner_3m_search1,3m,N0,negative,general,2026-03-18T07:26:16.635232
wagner_mutiny,ЧВК Вагнер,russian,ad0d9d21a92c3446,www.nytimes.com,US,en,international,,Timeline: What Led to the Standoff Between Russia and Prigozhin,https://www.nytimes.com/2023/06/24/world/europe/russia-military-prigozhin-wagner-timeline.html,"On June 23, Mr. Putin mobilized Russian troops to defend Moscow from what he called an armed rebellion by Mr. Prigozhin, whose forces had ...",wagner_3m_search1,3m,N4,neutral,general,2026-03-18T07:26:16.635264
wagner_mutiny,ЧВК Вагнер,russian,e94c3875ef7295b4,english.elpais.com,ES,en,international,,Russia opens criminal probe into Wagner Group head over alleged,https://english.elpais.com/international/2023-06-24/russia-opens-criminal-probe-into-wagner-group-head-over-alleged-threats-to-oust-defense-minister.html,Prigozhin posted a series of angry video and audio recordings in which he accused Defense Minister Sergei Shoigu of ordering a rocket strike Friday on Wagner's ...,wagner_3m_search1,3m,N3,negative,legal,2026-03-18T07:26:16.635291
wagner_mutiny,ЧВК Вагнер,russian,5c8553dc8c031cd0,www.rferl.org,XX,en,international,,Wagner Chief Refuses To Obey Decree In Latest Spat With Russian,https://www.rferl.org/a/russia-prigozhin-shoigu-feud-decree-ukraine/32454350.html,"Yevgeny Prigozhin, the founder of the notorious Wagner mercenary group, said he will not obey a new Russian Defense Ministry decree obliging all volunteer ...",wagner_3m_search1,3m,N0,neutral,general,2026-03-18T07:26:16.635329
boeing_crisis,Boeing,global,acb4ba908b29a2b9,www.cpajournal.com,XX,en,international,,The Story of Boeing's Failed Corporate Culture,https://www.cpajournal.com/2025/08/12/the-story-of-boeings-failed-corporate-culture-3,"Aug 12, 2025 — At Boeing , whistleblowers reported problems with operating processes that were ignored by management and weren't always reported to the ...",boeing_year_search1,year,N2,negative,managerial,2026-03-18T07:26:16.635444
boeing_crisis,Boeing,global,6537b8ea232153fa,www.cbsnews.com,XX,en,international,,Whistleblower speaks out on quality issues at Boeing,https://www.cbsnews.com/news/boeing-supplier-spirit-aerosystems-whistleblower-speaks-out-quality-issues,"May 8, 2024 — Paredes is not the only whistleblower to speak out publicly on quality issues relating to Boeing planes. In March, John ""Mitch"" Barnett was in ...",boeing_year_search1,year,N2,neutral,legal,2026-03-18T07:26:16.635480
boeing_crisis,Boeing,global,529f6126e3d20eed,www.faa.gov,XX,en,official,,Updates on Boeing 737-9 MAX Aircraft,https://www.faa.gov/newsroom/updates-boeing-737-9-max-aircraft,"He has actively encouraged all whistleblower complaints, and the FAA investigates every single one. March 2024: Concluded an audit of Boeing's production ...
The Federal Aviation Administration (FAA)’s six-week audit of Boeing and Spirit AeroSystems, prompted by the January 5 incident involving a new, Boeing 737-9 MAX aircraft, found multiple instances where the companies allegedly failed to comply with manufacturing quality control requirements.",boeing_year_search1,year,N0,negative,sport,2026-03-18T07:26:16.635557
boeing_crisis,Boeing,global,61648ca2f4756418,www.bbc.com,UK,en,international,,Boeing hit after new whistleblower raises safety concerns,https://www.bbc.com/news/business-68775413,"Apr 9, 2024 — Boeing is facing new pressure after a whistleblower reported safety concerns over the manufacturing of some of its planes to US regulators.",boeing_year_search1,year,N2,neutral,general,2026-03-18T07:26:16.635600
boeing_crisis,Boeing,global,11f00594e8c1a3d7,www.reuters.com,UK,en,international,,"Boeing hit with whistleblower allegations, adding to safety",https://www.reuters.com/business/aerospace-defense/faa-probing-boeing-whistleblowers-quality-claims-787-777-jets-2024-04-09,"Apr 10, 2024 — The U.S. Federal Aviation Administration (FAA) is investigating a Boeing whistleblower's claims that the company dismissed safety and ...",boeing_year_search1,year,N0,neutral,managerial,2026-03-18T07:26:16.635643
boeing_crisis,Boeing,global,9ba6ff820878a9c8,www.wired.com,XX,en,international,,The Worst 7 Years in Boeing's History—and the Man Who,https://www.wired.com/story/boeing-whistleblower-737-max,"Mar 11, 2025 — A whistleblower from a supplier died weeks later of a bacterial infection, sending conspiracists chattering. Then came more grillings before ...",boeing_year_search1,year,N0,neutral,general,2026-03-18T07:26:16.635703
boeing_crisis,Boeing,global,e5251a57410c1717,www.cnn.com,US,en,international,,Boeing hid questionable parts from regulators that may,https://www.cnn.com/2024/06/18/business/boeing-whistleblower-calhoun-testimony,"Jun 18, 2024 — ... 737 Max planes, new whistleblower alleges. Chris Isidore Gregory ... whistleblowers and Blumenthal about retaliation against those who raise ...
Boeing tried to hide the nonconforming parts from Federal Aviation Administration regulators by moving them out of sight and falsifying records, claims Sam Mohawk, the new whistleblower who...",boeing_year_search1,year,N1,neutral,general,2026-03-18T07:26:16.635782
boeing_crisis,Boeing,global,5c88b8ad42eda70a,www.npr.org,US,en,international,,Whistleblower who raised concerns about Boeing jets dies,https://www.npr.org/2024/05/02/1248693512/boeing-whistleblower-josh-dean-dead,"May 2, 2024 — Whistleblower Joshua Dean, who raised concerns about Boeing jets, dies at 45. May 2, 20241:46 PM ET. Heard on Morning Edition. By. Bill Chappell.",boeing_year_search1,year,N2,neutral,general,2026-03-18T07:26:16.635826
boeing_crisis,Boeing,global,79976e1504fa4038,www.bbc.com,UK,en,international,,Boeing whistleblower says plane parts had serious defects - BBC,https://www.bbc.com/news/business-68979354,"Spirit AeroSystems and Boeing have both come under intense scrutiny after an unused door came off a brand new 737 Max shortly after take-off in January, leaving a gaping hole in the side of...",boeing_year_search1,year,N0,neutral,general,2026-03-18T07:26:16.635858
boeing_crisis,Boeing,global,36a994e2f70344e8,www.npr.org,US,en,international,,Boeing's manufacturing of the 737 Max 9 under scrutiny : NPR,https://www.npr.org/2024/01/24/1226666911/boeings-quality-control-draws-criticism-as-a-whistleblower-alleges-lapses-at-fac,Concerns over quality control at Boeing's factory are mounting after this month's door plug blowout on a 737 Max 9. New revelations from an alleged whistleblower suggest Boeing could be...,boeing_year_search1,year,N2,neutral,general,2026-03-18T07:26:16.635892
redsea_shipping,Красное море,global,4d93547b38620e69,news.un.org,XX,en,official,,Совбез ООН осудил нападения хуситов на суда в,https://news.un.org/ru/story/2024/01/1448517,"10 Jan 2024 — Повстанцы, по их словам, намерены атаковать грузовые суда в Красном море до тех пор, пока Израиль не разрешит доставку в Газу гуманитарной ... Read more",redsea_ru_search1,russian_sources,N0,negative,security,2026-03-18T07:26:16.635999
redsea_shipping,Красное море,global,3914b9d0f440c4bf,ru.wikipedia.org,XX,en,international,,Кризис в Красном море,https://ru.wikipedia.org/wiki/%D0%9A%D1%80%D0%B8%D0%B7%D0%B8%D1%81_%D0%B2_%D0%9A%D1%80%D0%B0%D1%81%D0%BD%D0%BE%D0%BC_%D0%BC%D0%BE%D1%80%D0%B5,Хуситы . при поддержке Иран · КНДР · Россия · Китай · Сирия (до декабря 2024 года). Израиль · США ... Read more,redsea_ru_search1,russian_sources,N4,negative,general,2026-03-18T07:26:16.636036
redsea_shipping,Красное море,global,9651698eef4f3a6f,www.bbc.com,UK,en,international,,Морской путь из Азии в Европу закрыт. Сколько стоит,https://www.bbc.com/russian/articles/cpex32x2xjlo,24 Jan 2024 — Хуситы обстреливают суда с ноября . Их цель — надавить на союзников Израиля и поддержать его противников. До начала января ситуация ухудшалась ... Read more,redsea_ru_search1,russian_sources,N0,neutral,legal,2026-03-18T07:26:16.636068
redsea_shipping,Красное море,global,7b950b1505bcfc34,www.interfax.ru,RU,ru,russian,,Кризис в Красном море увеличил выбросы СО2 от,https://www.interfax.ru/world/1039558,4 Aug 2025 — Интерфакс: Продолжающийся кризис в Красном море и изменение маршрутов судов ... Йеменские мятежники- хуситы в свою очередь стали обстреливать суда ... Read more,redsea_ru_search1,russian_sources,N4,negative,security,2026-03-18T07:26:16.636092
redsea_shipping,Красное море,global,13cec67a9a01c6e7,www.dw.com,XX,en,international,,Атаки хуситов на суда в Красном море тормозят торговлю,https://www.dw.com/ru/ataki-husitov-na-suda-v-krasnom-more-tormozat-mirovuu-torgovlu/a-67963837,"12 Jan 2024 — 12.01.2024. Многие судоходные компании из-за атак хуситов избегают Красного моря и направляют суда в обход Африки, что заметно дольше и дороже. ... Read more",redsea_ru_search1,russian_sources,N0,negative,security,2026-03-18T07:26:16.636134
redsea_shipping,Красное море,global,3d7802ac25a7c77e,index1520.com,XX,en,international,,Два победителя кризиса в Красном море: судоходные,https://index1520.com/news/dva-pobeditelya-krizisa-v-krasnom-more-sudokhodnye-linii-i-khusity,"« Суда уходят с глаз долой, чтобы избежать нападений хуситов », — гласили заголовки газет с наступлением 2024 года, и коммерческое судоходство очень быстро ... Read more",redsea_ru_search1,russian_sources,N4,negative,legal,2026-03-18T07:26:16.636168
redsea_shipping,Красное море,global,af92f7d68229bd62,ipdefenseforum.com,XX,en,international,,Нападения хуситов на суда в Красном море вредят,https://ipdefenseforum.com/ru/2024/02/%D0%BD%D0%B0%D0%BF%D0%B0%D0%B4%D0%B5%D0%BD%D0%B8%D1%8F-%D1%85%D1%83%D1%81%D0%B8%D1%82%D0%BE%D0%B2-%D0%BD%D0%B0-%D1%81%D1%83%D0%B4%D0%B0-%D0%B2-%D0%BA%D1%80%D0%B0%D1%81%D0%BD%D0%BE%D0%BC-%D0%BC%D0%BE,"4 Feb 2024 — Хотя китайские торговцы не являются целью повстанцев-хуситов, они в значительной степени страдают от нападений боевиков на грузовые суда , ... Read more",redsea_ru_search1,russian_sources,N0,neutral,legal,2026-03-18T07:26:16.636201
redsea_shipping,Красное море,global,6a1860adc19afc2a,t-j.ru,RU,ru,russian,,Как атаки хуситов в Красном море влияют на мировую,https://t-j.ru/houthis-suez-trade,"19 Mar 2025 — 20 января 2025 года представители хуситов объявили о том, что прекращают атаки против торговых судов в этом районе ввиду заключения перемирия м ... Read more",redsea_ru_search1,russian_sources,N0,negative,security,2026-03-18T07:26:16.636234
redsea_shipping,Красное море,global,ee81554f2f6b6bf5,forbes.ua,XX,en,international,,Как атаки хуситов в Красном море влияют на Украину,https://forbes.ua/ru/svit/dzhin-viyshov-z-plyashki-khusiti-drugiy-misyats-atakuyut-chervone-more-kritichniy-marshrut-dlya-eksportu-ta-importu-z-ukraini-yak-podolati-krizu-31012024-18875,31 Jan 2024 — Йеменские хуситы атакуют грузовые корабли в Красном море . Результат – падение торговли из-за стратегически важного Суэцкого канала и удорожания ... Read more,redsea_ru_search1,russian_sources,N0,negative,security,2026-03-18T07:26:16.636263
redsea_shipping,Красное море,global,0223924696550278,afrinz.ru,RU,ru,russian,,как хуситы спровоцировали кризис в странах,https://afrinz.ru/2024/05/mezhkontinentalnye-svyazi-kak-husity-sprovoczirovali-krizis-v-stranah-afrikanskogo-roga,"27 May 2024 — Атаки хуситов сделали опасным заход кораблей в важные порты региона, в том числе Джибути и Порт-Судан, которые являются ключевыми транзитными ... Read more",redsea_ru_search1,russian_sources,N4,negative,security,2026-03-18T07:26:16.636286
paralympics_npa,Паралимпиада,russian,faf18d81e78e653a,www.paralympic.org,XX,en,international,,IPC publish Neutral Paralympic Athletes regulations for the,https://www.paralympic.org/news/ipc-publish-neutral-paralympic-athletes-regulations-paris-2024-paralympics,"Mar 6, 2567 BE — NPA will compete as individuals in neutral uniforms under an NPA flag , and will not feature on the medals table or march in the Opening and ...",paralympics_1m_search1,1m,N0,neutral,sport,2026-03-18T07:26:16.636407
paralympics_npa,Паралимпиада,russian,97509ac45021859a,www.rferl.org,XX,en,international,,Russians Allowed To Take Part In Paris 2024 Paralympics,https://www.rferl.org/a/russia-paralympics-athletes-compete-paris-2024-ukraine/32616120.html,"Sep 29, 2566 BE — They will be allowed to take part in the Paralympics scheduled for August 28- September 8, 2024 , without national flags , colors or emblems.",paralympics_1m_search1,1m,N0,neutral,sport,2026-03-18T07:26:16.636451
paralympics_npa,Паралимпиада,russian,800444cf9104bd0f,en.wikipedia.org,XX,en,international,,Neutral Paralympic Athletes at the 2024 Summer,https://en.wikipedia.org/wiki/Neutral_Paralympic_Athletes_at_the_2024_Summer_Paralympics,Neutral athletes competed under a white flag featuring black lettering spelling out NPA. The flag's use was limited to TV and sports presentation graphics and ...,paralympics_1m_search1,1m,N0,neutral,sport,2026-03-18T07:26:16.636489
paralympics_npa,Паралимпиада,russian,f9c65964f10f078d,www.espn.com,XX,en,international,,Russians to compete under own flag at Milan Paralympics,https://www.espn.com/olympics/story/_/id/47958708/russians-compete-own-flag-next-month-paralympics-says-ipc,"Feb 17, 2569 BE — Russian athletes will compete under their own flag at the Paralympics for the first time in more than a decade, and the country's national ...",paralympics_1m_search1,1m,N0,neutral,sport,2026-03-18T07:26:16.636533
paralympics_npa,Паралимпиада,russian,93f2dc16ce18827d,www.france24.com,FR,en,international,,Russian and Belarus Paralympians to compete at Paris 2024,https://www.france24.com/en/live-news/20230929-russian-paralympians-to-compete-at-paris-2024-under-neutral-flag-1,"Sep 29, 2566 BE — Russian and Belarusian athletes will be allowed to compete at the Paris Paralympics in 2024 under a neutral flag after officials voted on Friday against an ...",paralympics_1m_search1,1m,N0,neutral,sport,2026-03-18T07:26:16.636581
paralympics_npa,Паралимпиада,russian,fd9e7e0b908499f8,www.skysports.com,XX,en,international,,Paralympics: Russian and Belarusian athletes to compete,https://www.skysports.com/olympics/news/29877/13508851/paralympics-russian-and-belarusian-athletes-to-compete-under-own-flag-at-milan-cortina-games,"Feb 17, 2569 BE — Russian athletes will compete under their own flag at the Paralympics for the first time in more than a decade, with the country's national ...",paralympics_1m_search1,1m,N0,neutral,sport,2026-03-18T07:26:16.636632
paralympics_npa,Паралимпиада,russian,a92087a7a723b337,www.themoscowtimes.com,XX,en,international,,Russian Paralympians to Compete at Paris 2024 Under,https://www.themoscowtimes.com/2023/09/29/russian-paralympians-to-compete-at-paris-2024-under-neutral-flag-a82615,"Sep 29, 2566 BE — Russian athletes will be allowed to compete at the Paris Paralympics in 2024 under a neutral flag after officials voted against an outright ban.",paralympics_1m_search1,1m,N0,negative,sport,2026-03-18T07:26:16.636677
paralympics_npa,Паралимпиада,russian,af9d84efe0e4c7b8,www.bbc.com,UK,en,international,,Paris 2024 Paralympics: Russian and Belarusian athletes,https://www.bbc.com/sport/disability-sport/66960723,"Sep 29, 2566 BE — The International Paralympic Committee ( IPC ) voted to partially suspend both the National Paralympic Committees of Russia and Belarus. It means ...",paralympics_1m_search1,1m,N0,neutral,sport,2026-03-18T07:26:16.636732
paralympics_npa,Паралимпиада,russian,fa544bc1dc756f80,www.reuters.com,UK,en,international,,Russian athletes to compete as neutrals at Paris,https://www.reuters.com/sports/russian-athletes-compete-paris-paralympics-after-ipc-votes-against-full-ban-2023-09-29,"Sep 29, 2566 BE — Competing as neutral athletes means doing so without a national team or emblems, flags and anthems. The IPC also voted for a partial ...",paralympics_1m_search1,1m,N0,neutral,sport,2026-03-18T07:26:16.636776
paralympics_npa,Паралимпиада,russian,4236f7fe4f5c31f0,www.bangkokpost.com,XX,en,international,,Russian and Belarus Paralympians to compete at Paris 2024,https://www.bangkokpost.com/world/2654994/russian-and-belarus-paralympians-to-compete-at-paris-2024,"Sep 30, 2566 BE — BERLIN - Russian and Belarusian athletes will be allowed to compete at the Paris Paralympics in 2024 under a neutral flag after officials voted",paralympics_1m_search1,1m,N0,neutral,sport,2026-03-18T07:26:16.636823
openai_altman,OpenAI,global,3d1532f98d03b962,en.wikipedia.org,XX,en,international,,Removal of Sam Altman from OpenAI - Wikipedia,https://en.wikipedia.org/wiki/Removal_of_Sam_Altman_from_OpenAI,"Altman was reinstated on November 22 after pressure from employees and investors. Altman in 2019. The removal and subsequent reinstatement caused widespread ...
On November 17, 2023, OpenAI's board of directors ousted co-founder and chief executive Sam Altman. In an official post on the company's website, ...",openai_1m_search1,1m,N0,neutral,managerial,2026-03-18T07:26:16.636938
openai_altman,OpenAI,global,71a5fea9a09f70c5,www.theguardian.com,UK,en,international,,OpenAI reinstates CEO Sam Altman to board after firing and rehiring,https://www.theguardian.com/technology/2024/mar/08/openai-sam-altman-reinstated,OpenAI CEO and co-founder Sam Altman has been reinstated to the firm's board of directors following an outside investigation into the turmoil that led the ...,openai_1m_search1,1m,N0,neutral,legal,2026-03-18T07:26:16.636966
openai_altman,OpenAI,global,fbfeb68b68bc513e,www.bbc.com,UK,en,international,,Sam Altman: Ousted OpenAI boss to return days after being sacked - BBC,https://www.bbc.com/news/business-67494165,"OpenAI co-founder Sam Altman will return as boss just days after he was fired by the board, the firm has said. The agreement ""in principle"" ...",openai_1m_search1,1m,N0,negative,managerial,2026-03-18T07:26:16.636999
openai_altman,OpenAI,global,70c14e4e58149728,www.nytimes.com,US,en,international,,Sam Altman Is Reinstated as OpenAI's Chief Executive,https://www.nytimes.com/2023/11/22/technology/openai-sam-altman-returns.html,"Sam Altman was reinstated late Tuesday as OpenAI's chief executive, the company said, successfully reversing his ouster by OpenAI's board last week. Missing: crisis | Show results with: crisis",openai_1m_search1,1m,N4,mixed,managerial,2026-03-18T07:26:16.637025
openai_altman,OpenAI,global,b48b7d33cc0e8c34,www.cnbc.com,US,en,international,,Former OpenAI board member explains why CEO Sam Altman was,https://www.cnbc.com/2024/05/29/former-openai-board-member-explains-why-ceo-sam-altman-was-fired.html,"In November, OpenAI's board ousted Altman, saying it had conducted ""a deliberative review process"" and that Altman ""was not consistently candid ... Missing: reinstated | Show results with: reinstated",openai_1m_search1,1m,N0,neutral,managerial,2026-03-18T07:26:16.637069
openai_altman,OpenAI,global,8cae299eea2574e3,www.axios.com,XX,en,international,,OpenAI chaos: A timeline of Sam Altman's firing and return - Axios,https://www.axios.com/2023/11/22/openai-microsoft-sam-altman-ceo-chaos-timeline,Here's a timeline of everything we know that happened in OpenAI's c-suite and boardroom this week.,openai_1m_search1,1m,N0,neutral,managerial,2026-03-18T07:26:16.637096
openai_altman,OpenAI,global,6cd57c23078ce734,www.aljazeera.com,QA,en,international,,OpenAI's Sam Altman returning to board after probe into company,https://www.aljazeera.com/economy/2024/3/9/openais-sam-altman-returning-to-board-after-probe-into-company-turmoil,The AI research firm is restoring Altman as CEO after his sacking last week threatened a mass exodus from the company. Published On 22 Nov 2023 ...,openai_1m_search1,1m,N0,neutral,managerial,2026-03-18T07:26:16.637138
openai_altman,OpenAI,global,c65cf693eae92a75,timesofindia.indiatimes.com,XX,en,international,,OpenAI CEO Sam Altman breaks silence a year after his failed firing,https://timesofindia.indiatimes.com/technology/tech-news/openai-ceo-sam-altman-breaks-silence-a-year-after-his-failed-firing-they-fcked-me-and-the-company/articleshow/117000422.cms,"Altman, who was abruptly fired and then rehired within five days last November, revealed that the situation deteriorated daily after his return ...",openai_1m_search1,1m,N0,negative,managerial,2026-03-18T07:26:16.637169
openai_altman,OpenAI,global,f499b01c71cd256f,sk.sagepub.com,XX,en,international,,Leadership Crisis and Corporate Infighting at OpenAI,https://sk.sagepub.com/cases/download/leadership-crisis-and-corporate-infighting-at-openai,"On November 17, 2023, the OpenAI board fired Altman. The reasons given for this action were that Altman was not clear in his communications and intentions for ...",openai_1m_search1,1m,N4,negative,managerial,2026-03-18T07:26:16.637202
openai_altman,OpenAI,global,7dd6350caa663134,abcnews.com,US,en,international,,4 days from fired to re-hired: A timeline of Sam Altman's ouster from,https://abcnews.com/Business/sam-altman-reaches-deal-return-ceo-openai/story%3Fid%3D105091534,"Monday, November 20 – Nearly all 800 employees at OpenAI signed a letter calling for the resignation of the company's board and the return of Altman as CEO. The ...",openai_1m_search1,1m,N0,negative,managerial,2026-03-18T07:26:16.637246
redsea_shipping,Красное море,global,45a00c58051790a1,www.reuters.com,UK,en,international,,"US attacks Houthi anti-ship missiles, vessel hit in Red Sea",https://www.reuters.com/business/red-sea-attack-fears-disrupt-global-trade-patterns-2024-01-16,"Jan 16, 2024 — Attacks by Yemen's Houthi militants on ships in the Red Sea are disrupting maritime trade through the Suez Canal, with some vessels re-routing ... Read more",redsea_3m_search2,3m,N0,negative,security,2026-03-18T07:26:16.637351
redsea_shipping,Красное море,global,c038a859aa4f902e,interactive.aljazeera.com,QA,en,international,,Mapping the Red Sea attacks by Yemen's Houthis,https://interactive.aljazeera.com/aje/2024/mapping-red-sea-shipping-attacks,"Feb 22, 2024 — On November 19, Iran-backed Houthi forces began attacking shipping vessels affiliated with Israel passing through the Red Sea . The attacks ... Read more",redsea_3m_search2,3m,N0,negative,security,2026-03-18T07:26:16.637387
redsea_shipping,Красное море,global,17702df4e71c233e,news.usni.org,XX,en,international,,Houthi Attacks Causing More Damage in the Red Sea,https://news.usni.org/2024/06/20/houthi-attacks-causing-more-damage-in-the-red-sea-merchant-traffic-through-suez-canal-down-more-than-50,"Jun 20, 2024 — The Houthi attacks have led to a 79.6 percent drop in drybulk carriers going through the Suez Canal in June 2024 versus June 2023. Read more",redsea_3m_search2,3m,N0,negative,security,2026-03-18T07:26:16.637424
redsea_shipping,Красное море,global,a4af4a488ab9ae6f,www.al-monitor.com,XX,en,international,,Houthi attacks on Red Sea shipping wipe $2B off Suez,https://www.al-monitor.com/originals/2024/07/houthi-attacks-red-sea-shipping-wipe-2b-suez-canal-annual-revenue,"Jul 18, 2024 — Revenue registered by the Suez Canal for fiscal year 2023/24 fell by more than $2 billion, as attacks on commercial vessels in the Red Sea by Iran-backed ... Read more",redsea_3m_search2,3m,N0,negative,security,2026-03-18T07:26:16.637459
redsea_shipping,Красное море,global,7ba15e00604c1e7d,www.nytimes.com,US,en,international,,How Houthi Attacks Have Upended Global Shipping,https://www.nytimes.com/interactive/2024/01/20/world/middleeast/houthi-red-sea-shipping.html,"Jan 21, 2024 — It is an extraordinary detour: Hundreds of ships are avoiding the Suez Canal and sailing an extra 4,000 miles around Africa, burning fuel, ... Read more",redsea_3m_search2,3m,N0,negative,security,2026-03-18T07:26:16.637488
redsea_shipping,Красное море,global,d3cb132dccfaf844,www.fdd.org,XX,en,international,,Maersk Reports Houthi Attacks Cause 66 Percent Drop in,https://www.fdd.org/analysis/2024/09/06/maersk-reports-houthi-attacks-cause-66-percent-drop-in-suez-canal-traffic,"Sep 6, 2024 — Traffic through the Suez Canal has decreased 66 percent since companies began diverting ships away from the Red Sea to avoid attacks launched by the Iran- ... Read more",redsea_3m_search2,3m,N0,negative,security,2026-03-18T07:26:16.637523
redsea_shipping,Красное море,global,82b4f23c03934a9c,www.euronews.com,FR,en,international,,Yemen's Houthi rebels target more ships in the Red Sea,https://www.euronews.com/2024/06/29/yemens-houthi-rebels-target-more-ships-in-the-red-sea-and-mediterranean,"Jun 29, 2024 — Authorities confirmed one ship in the Red Sea came under repeated missile attacks launched by Yemen's Houthi rebels but wasn't hit.",redsea_3m_search2,3m,N0,negative,security,2026-03-18T07:26:16.637552
redsea_shipping,Красное море,global,4d1ce1a2d6940a76,www.theguardian.com,UK,en,international,,"Houthi missile targeting US warship intercepted, says US,",https://www.theguardian.com/world/2024/jan/14/red-sea-tensions-simmer-as-all-sides-warn-of-possible-further-attacks,"Jan 14, 2024 — US Central Command says missile from Houthi -controlled area of Yemen was launched towards USS Laboon before being shot down by fighter jets.",redsea_3m_search2,3m,N4,negative,security,2026-03-18T07:26:16.637575
redsea_shipping,Красное море,global,621ed6bc16712576,www.timesofisrael.com,XX,en,international,,"Houthis claim hits on 4 ships in Mediterranean, Red Sea",https://www.timesofisrael.com/houthis-claim-hits-on-4-ships-in-red-sea-mediterranean-amid-contradicting-reports,"Jun 29, 2024 — Many vessels have opted to avoid the Red Sea route to the Suez Canal , taking the longer journey around the southern tip of Africa instead. Read more",redsea_3m_search2,3m,N0,neutral,legal,2026-03-18T07:26:16.637614
paralympics_npa,Паралимпиада,russian,4b4e92ab69c9e60d,ru.wikipedia.org,XX,en,international,,Нейтральные паралимпийские спортсмены на летних,https://ru.wikipedia.org/wiki/%25D0%259D%25D0%25B5%25D0%25B9%25D1%2582%25D1%2580%25D0%25B0%25D0%25BB%25D1%258C%25D0%25BD%25D1%258B%25D0%25B5_%25D0%25BF%25D0%25B0%25D1%2580%25D0%25B0%25D0%25BB%25D0%25B8%25D0%25BC%25D0%25BF%25D0%25B8%25D0%25B9%25D1%2581%25D0%25BA%25D0%25B8%25D0%25B5_%25D1%2581%25D0%25BF%25D0%25BE%25D1%2580%25D1%2582%25D1%2581%25D0%25BC%25D0%25B5%25D0%25BD%25D1%258B_%25D0%25BD%25D0%25B0_%25D0%25BB%25D0%25B5%25D1%2582%25D0%25BD%25D0%25B8%25D1%2585_%25D0%259F%25D0%25B0%25D1%2580%25D0%25B0%25D0%25BB%25D0%25B8%25D0%25BC%25D0%25BF%25D0%25B8%25D0%25B9%25D1%2581%25D0%25BA%25D0%25B8%25D1%2585_%25D0%25B8%25D0%25B3%25D1%2580%25D0%25B0%25D1%2585_2024,"В команду вошло 88 спортсменов из России и 8 спортсменов из Белоруссии, которые из-за вторжения России на Украину и связанных с ним санкциями выступят в нейтра ...",paralympics_ru_search1,russian_sources,N0,neutral,sport,2026-03-18T07:26:16.637756
paralympics_npa,Паралимпиада,russian,d39a308144a3bba2,sport.business-gazeta.ru,RU,ru,russian,,Опубликованы условия участия россиян в Паралимпиаде-2024. У,https://sport.business-gazeta.ru/article/292462,Нейтральные спортсмены будут соревноваться под белым флагом с черной надписью NPA. Завоеванные медали не будут занесены в медальный зачет. Если ...,paralympics_ru_search1,russian_sources,N0,neutral,sport,2026-03-18T07:26:16.637801
paralympics_npa,Паралимпиада,russian,81a7f4f16c42853b,www.sport.ru,RU,ru,russian,,Российские спортсмены выступят на на Паралимпиаде-2024 под,https://www.sport.ru/other/rossiyskie-sportsmeny-vystupyat-na-na-paralimpiade-2024-pod-belym-flagom-s-/article577209,"Нейтральные спортсмены выступят под белым флагом с черной надписью NPA (нейтральные спортсмены-паралимпийцы), информирует сайт Международного ...",paralympics_ru_search1,russian_sources,N0,neutral,sport,2026-03-18T07:26:16.637843
paralympics_npa,Паралимпиада,russian,b777036f60a1c6b3,www.sport-express.ru,RU,ru,russian,,Паралимпиада 2024: состав сборной России в Париже и,https://www.sport-express.ru/paralympics/reviews/paralimpiada-2024-sostav-sbornoy-rossii-v-parizhe-i-favority-turnira-2247838,"В Париже-2024 россияне будут выступать под белым флагом с черными буквами NPA, что означает «нейтральные паралимпийские атлеты». Полученные ими ...",paralympics_ru_search1,russian_sources,N0,neutral,sport,2026-03-18T07:26:16.637885
paralympics_npa,Паралимпиада,russian,6db11a6efb80ff68,yamal-media.ru,RU,ru,russian,,Паралимпиада-2024: ждем побед наших спортсменов,https://yamal-media.ru/narrative/paralimpiada-2024,"Мы знаем, откуда мы и кто мы, даже если выступаем под нейтральным флагом». 1 сентября мы увидим на стадионе толкателя ядра Дениса Гнездилова ...",paralympics_ru_search1,russian_sources,N0,neutral,sport,2026-03-18T07:26:16.637926
paralympics_npa,Паралимпиада,russian,aa2f00b9bbdb9967,www.rfi.fr,XX,en,international,,Международный паралимпийский комитет объявил условия  - RFI,https://www.rfi.fr/ru/%25D1%2581%25D0%25BF%25D0%25BE%25D1%2580%25D1%2582/20240306-%25D0%25BC%25D0%25B5%25D0%25B6%25D0%25B4%25D1%2583%25D0%25BD%25D0%25B0%25D1%2580%25D0%25BE%25D0%25B4%25D0%25BD%25D1%258B%25D0%25B9-%25D0%25BF%25D0%25B0%25D1%2580%25D0%25B0%25D0%25BB%25D0%25B8%25D0%25BC%25D0%25BF%25D0%25B8%25D0%25B9%25D1%2581%25D0%25BA%25D0%25B8%25D0%25B9-%25D0%25BA%25D0%25BE%25D0%25BC%25D0%25B8%25D1%2582%25D0%25B5%25D1%2582-%25D0%25BE%25D0%25B7%25D0%25B2%25D1%2583%25D1%2587%25D0%25B8%25D0%25BB-%25D1%2583%25D1%2581%25D0%25BB%25D0%25BE%25D0%25B2%25D0%25B8%25D1%258F-%25D1%2583%25D1%2587%25D0%25B0%25D1%2581%25D1%2582%25D0%25B8%25D1%258F-%25D1%2581%25D0%25BF%25D0%25BE%25D1%2580%25D1%2582%25D1%2581%25D0%25BC%25D0%25B5%25D0%25BD%25D0%25BE%25D0%25B2-%25D0%25B8%25D0%25B7-%25D1%2580%25D1%2584-%25D0%25B8-%25D0%25B1%25D0%25B5%25D0%25BB%25D0%25B0%25D1%2580%25D1%2583%25D1%2581%25D0%25B8-%25D0%25B2-%25D0%25BF%25D0%25B0%25D1%2580%25D0%25B0%25D0%25BB%25D0%25B8%25D0%25BC%25D0%25BF%25D0%25B8%25D0%25B0%25D0%25B4%25D0%25B5,"Выступать они должны будут под белым флагом с черными буквами NPA и соревноваться в форме, одобренной МПК, — без национальной символики, цветов ...",paralympics_ru_search1,russian_sources,N0,neutral,general,2026-03-18T07:26:16.637971
paralympics_npa,Паралимпиада,russian,fc94c48b36be4999,tass.ru,RU,ru,russian,,Российские паралимпийцы на XVII летних Играх в Париже. Досье,https://tass.ru/info/21696301,"Тогда же стало известно, что на соревнованиях в рамках Игр они будут выступать под белым флагом с черными буквами ""NPA"", что означает "" ...",paralympics_ru_search1,russian_sources,N0,neutral,sport,2026-03-18T07:26:16.638013
paralympics_npa,Паралимпиада,russian,d1160049591a7590,www.rbc.ru,RU,ru,russian,,Российские спортсмены решили не идти на церемонию  - РБК,https://www.rbc.ru/sport/27/08/2024/66cde69c9a79474ebcdb5135,"Россияне будут соревноваться в нейтральном статусе в индивидуальных дисциплинах под белым флагом с черными буквами (NPA, Neutral Paralympic ...",paralympics_ru_search1,russian_sources,N0,neutral,sport,2026-03-18T07:26:16.638055
paralympics_npa,Паралимпиада,russian,b427a24d34ed6cdb,www.gazeta.ru,RU,ru,russian,,"«Хотят, чтобы мы психанули»: россиян допустят до  - Газета.ру",https://www.gazeta.ru/sport/2024/03/06/18383131.shtml,"Соревноваться нейтральные паралимпийские атлеты будут под белым флагом с черной надписью NPA, а выигранные ими медали не будут занесены в ...",paralympics_ru_search1,russian_sources,N0,neutral,general,2026-03-18T07:26:16.638097
paralympics_npa,Паралимпиада,russian,5752d193336872b5,www.dw.com,XX,en,international,,Спортсменов из РФ и РБ не пустят на открытие Паралимпиады,https://www.dw.com/ru/rossijskih-sportsmenov-ne-dopustat-na-ceremoniu-otkrytia-paralimpiady-v-parize/a-68458896,Спортсмены из России и Беларуси будут выступать на Играх в нейтральном статусе и будут отмечаться как NPA - нейтральный паралимпиец (Neutral ...,paralympics_ru_search1,russian_sources,N0,neutral,sport,2026-03-18T07:26:16.638149
redsea_shipping,Красное море,global,412d2b1454a5ad42,atlasinstitute.org,XX,en,international,,The Red Sea Shipping Crisis (2024–2025): Houthi Attacks,https://atlasinstitute.org/the-red-sea-shipping-crisis-2024-2025-houthi-attacks-and-global-trade-disruption,"Mar 27, 2025 — Since November 2023, Houthi attacks (over 190 by October 2024 ) significantly disrupted Red Sea/Aden Gulf shipping.",redsea_3m_search1,3m,N4,negative,security,2026-03-18T07:26:16.638255
redsea_shipping,Красное море,global,cf27ce857afd42a2,news.un.org,XX,en,official,,The Red Sea shipping crisis is having a 'dramatic' impact,https://news.un.org/en/story/2024/01/1145902,"Jan 25, 2024 — Attacks against shipping in the Red Sea by Houthis are devastating for global trade and supply chains, already reeling under the impacts of the war in Ukraine.",redsea_3m_search1,3m,N4,negative,security,2026-03-18T07:26:16.638278
redsea_shipping,Красное море,global,4c74f08645898ad6,www.theguardian.com,UK,en,international,,Red Sea crisis explained: what is happening and what,https://www.theguardian.com/business/2023/dec/19/red-sea-shipping-crisis-bp-oil-explained-what-is-happening-and-what-does-it-mean-for-global-trade,"Dec 18, 2023 — Houthi rebels in Yemen have significantly stepped up attacks on commercial shipping vessels travelling through the lower Red Sea since mid-November.",redsea_3m_search1,3m,N4,negative,security,2026-03-18T07:26:16.638300
redsea_shipping,Красное море,global,eacec110d17d628a,documents1.worldbank.org,XX,en,international,,The Deepening Red Sea Shipping Crisis,https://documents1.worldbank.org/curated/en/099253002102539789/pdf/IDU10b8b59671dbc814cfc19c4a1299ff54854ba.pdf,"Between November 2023 and October 2024 , nearly all of the top 20 ports across. Red Sea and Gulf countries recorded notable drops in both imports and exports, ... 16 pages",redsea_3m_search1,3m,N4,negative,general,2026-03-18T07:26:16.638334
redsea_shipping,Красное море,global,fe881ce8d7983335,www.cfr.org,XX,en,international,,How Houthi Attacks in the Red Sea Threaten Global Shipping,https://www.cfr.org/articles/how-houthi-attacks-red-sea-threaten-global-shipping,"Jan 12, 2024 — Since mid-November 2023 , the Yemen-based, Iran-backed Houthi rebel group has attacked dozens of commercial ships in the Red Sea, with no signs ...",redsea_3m_search1,3m,N0,negative,security,2026-03-18T07:26:16.638363
redsea_shipping,Красное море,global,4b313feb30b68376,www.iiss.org,XX,en,international,,The Houthis' Campaign in the Red Sea and the Gulf of Aden,https://www.iiss.org/research-paper/2024/12/navigating-troubled-waters-the-houthis-campaign-in-the-red-sea-and-the-gulf-of-aden,"Dec 3, 2024 — This research paper examines the Houthis' attacks on ships since November 2023 and the international military responses, as well as the economic impact of the ...",redsea_3m_search1,3m,N0,negative,security,2026-03-18T07:26:16.638399
redsea_shipping,Красное море,global,873be52a705cb163,english.elpais.com,ES,en,international,,Red Sea crisis from Houthi attacks hits world trade as cost of,https://english.elpais.com/international/2024-01-05/red-sea-crisis-from-houthi-attacks-hits-world-trade-as-cost-of-shipping-soars-by-170.html,"Jan 5, 2024 — Attacks by Yemeni Houthi rebels on merchant ships heading for the Suez Canal via the Red Sea are causing one of the biggest disruptions to world trade since ...",redsea_3m_search1,3m,N4,negative,security,2026-03-18T07:26:16.638428
redsea_shipping,Красное море,global,7ee5eb6b71b0c21c,www.washingtoninstitute.org,XX,en,international,,Houthi Shipping Attacks: Patterns and Expectations for 2025,https://www.washingtoninstitute.org/policy-analysis/houthi-shipping-attacks-patterns-and-expectations-2025,"Dec 16, 2024 — Phase 1: Attacks focused on missiles launched toward Israel starting in October 2023 with the Gaza war and on Israel-linked ships in the Red Sea ...",redsea_3m_search1,3m,N4,negative,security,2026-03-18T07:26:16.638454
redsea_shipping,Красное море,global,5b97fdf7768225bd,www.reuters.com,UK,en,international,,"Houthi attacks on shipping in Red Sea persist, U.S. and",https://www.reuters.com/world/middle-east/houthi-attacks-shipping-red-sea-persist-us-allies-strike-back-2024-01-12,"Jan 12, 2024 — Houthi attacks on shipping in Red Sea persist , U.S. and allies strike back. By Reuters. January 12, 20242:52 AM PSTUpdated January 12, 2024.",redsea_3m_search1,3m,N0,negative,security,2026-03-18T07:26:16.638489
fesco_severilov,FESCO,russian,eb64f5a16bc887cc,iz.ru,RU,ru,russian,,The court confirmed the arrest of the ex-head of FESCO,https://iz.ru/en/2058414/2026-03-13/court-confirmed-arrest-ex-head-fesco-severilov,"5 days ago — They are charged under Part 4 of Article 160 of the Criminal Code ("" Embezzlement on an especially large scale""). The defendants in the case face ...",fesco_1m_search1,1m,N0,negative,legal,2026-03-18T07:26:16.638597
fesco_severilov,FESCO,russian,c03ab155687ed76f,tass.com,RU,en,international,,Moscow court arrests ex-head of FESCO Group in case,https://tass.com/society/2086041,Andrey Severilov and FESCO Group Vice President Boris Ivanov were detained on Wednesday in Moscow on suspicion of large-scale embezzlement . The FESCO ...,fesco_1m_search1,1m,N0,negative,legal,2026-03-18T07:26:16.638621
fesco_severilov,FESCO,russian,ca2964acae252707,tadviser.com,XX,en,international,,Andrey Vladimirovich Severilov - TAdviser,https://tadviser.com/index.php/Person:Andrey_Vladimirovich_Severilov,"2026 : Arrest in embezzlement case. On February 12, 2026 , the Meshchansky Court of Moscow detained Andrei Severilov , former chairman of the board of directors of ...",fesco_1m_search1,1m,N0,negative,legal,2026-03-18T07:26:16.638654
fesco_severilov,FESCO,russian,085cf7a80f52d6b2,www.linkedin.com,XX,en,international,,FESCO Group Head Arrested on Embezzlement Charges,https://www.linkedin.com/posts/snowleopardfinancial_business-finance-financialservices-activity-7427959080478044161-l0yq,"Snow Leopard Financial Group. 4,664 ...",fesco_1m_search1,1m,N0,negative,legal,2026-03-18T07:26:16.638677
fesco_severilov,FESCO,russian,8c51274b7c6049d1,tass.com,RU,en,international,,What is known about arrest of former head of FESCO Group,https://tass.com/society/2086071,"12 Feb 2026 — On Wednesday, Andrey Severilov and FESCO Group Vice President Boris Ivanov were detained in Moscow on suspicion of large-scale embezzlement .",fesco_1m_search1,1m,N0,negative,legal,2026-03-18T07:26:16.638717
fesco_severilov,FESCO,russian,fb272a4c3d333ad5,en.iz.ru,RU,ru,russian,,The court arrested the ex-head of FESCO Severilov  - Izvestia,https://en.iz.ru/en/2041879/2026-02-12/court-arrested-ex-head-fesco-severilov-case-embezzlement,"12 Feb 2026 — The court arrested the ex-head of FESCO Severilov in the case of embezzlement . ... The Moscow Meshchansky Court has placed Andrey Severilov , ...",fesco_1m_search1,1m,N0,negative,legal,2026-03-18T07:26:16.638740
fesco_severilov,FESCO,russian,d78abe4ead29a2a9,en.iz.ru,RU,ru,russian,,Court arrests FESCO Vice President Ivanov in embezzlement,https://en.iz.ru/en/node/2041972,"12 Feb 2026 — It was noted that they were charged under Part 4 of Article 160 of the Criminal Code ("" Embezzlement on an especially large scale""). Severilov ...",fesco_1m_search1,1m,N0,negative,legal,2026-03-18T07:26:16.638761
fesco_severilov,FESCO,russian,53a6fd27d3b43e5f,iz.ru,RU,ru,russian,,Ex-head of FESCO Severilov detained for especially large,https://iz.ru/en/2041783/2026-02-12/ex-head-fesco-severilov-detained-especially-large-embezzlement,"12 Feb 2026 — They are charged under Part 4 of Article 160 of the Criminal Code ("" Embezzlement on an especially large scale""). Severilov and Ivanov were sent ...",fesco_1m_search1,1m,N0,negative,legal,2026-03-18T07:26:16.638783
fesco_severilov,FESCO,russian,d41833259bc92322,www.msk-post.com,XX,en,international,,FESCO offshore Severilov and Rabinovich,https://www.msk-post.com/economics/fesco_offshore_severilov_and_rabinovich33823,"3 Jul 2023 — The former minister without a portfolio is a defendant in a criminal case on fraud , the creation of a criminal community, commercial bribery, ...",fesco_1m_search1,1m,N0,negative,legal,2026-03-18T07:26:16.638806
fesco_severilov,FESCO,russian,e831044c8b074c52,tadviser.com,XX,en,international,,FESCO Transport Group - TAdviser,"https://tadviser.com/index.php/Company:FESCO_Transport_Group_(DVMP,_FESCO)","... Severilov arrested in the case of embezzlement . On February 12, 2026 , the Meshchansky Court of Moscow detained Andrei Severilov , former chairman of the board ...",fesco_1m_search1,1m,N0,negative,legal,2026-03-18T07:26:16.638823
wagner_mutiny,ЧВК Вагнер,russian,a799ebd100d6b953,tass.ru,RU,ru,russian,,"Бойцы ЧВК ""Вагнер"" начали покидать территорию у",https://tass.ru/obschestvo/18111269,"Попытка вооруженного мятежа ЧВК "" Вагнер "". Хроника событий. Территорию покинули четыре пикапа ЧВК. Танки и тяжелая техника пока остаются на месте ... Read more",wagner_tass,russian_sources,N4,neutral,security,2026-03-18T07:26:16.638999
wagner_mutiny,ЧВК Вагнер,russian,2e22304e211ac7ba,www.bbc.com,UK,en,international,,ФСБ прекратила уголовное дело о мятеже ЧВК «Вагнер,https://www.bbc.com/russian/articles/cw0x2k0xydyo,"27 Jun 2023 — Дело о вооруженном мятеже 27 июня прекращено , сообщили в ФСБ. Его заводили на Евгения Пригожина после того, как его ЧВК заняла ... Read more",wagner_tass,russian_sources,N4,neutral,security,2026-03-18T07:26:16.639026
wagner_mutiny,ЧВК Вагнер,russian,847fa7782ccb1e8f,tass.ru,RU,ru,russian,,В Ростове-на-Дону рядом со штабом ЮВО выставили,https://tass.ru/bezopasnost/18103205,"23 Jun 2023 — В Минобороны назвали ложной информацию о якобы нанесении Вооруженными силами России удара по ""тыловым лагерям ЧВК "" Вагнер "". Пресс-секретарь ... Read more",wagner_tass,russian_sources,N0,positive,general,2026-03-18T07:26:16.639056
wagner_mutiny,ЧВК Вагнер,russian,37dd39b111284379,www.dw.com,XX,en,international,,"ISW: Мятеж ЧВК ""Вагнер"" указал на слабые места",https://www.dw.com/ru/isw-matez-cvk-vagner-ukazal-na-slabye-mesta-kremla-i-minoborony-rf/a-66022306,"25 Jun 2023 — Военная техника ЧВК "" Вагнер "" повредила в Ростове -на-Дону, по предварительным оценкам, более 10 тысяч квадратных метров дорожного полотна ... Read more",wagner_tass,russian_sources,N4,positive,security,2026-03-18T07:26:16.639072
wagner_mutiny,ЧВК Вагнер,russian,6180262ffb2529f4,tass.ru,RU,ru,russian,,"В Ростове-на-Дону ущерб от попытки мятежа ЧВК """,https://tass.ru/proisshestviya/18179035,"3 Jul 2023 — В Ростове -на-Дону ущерб от попытки мятежа ЧВК "" Вагнер "" составил 92,5 млн рублей. Пострадало пять единиц специализированной коммунальной техники ... Read more",wagner_tass,russian_sources,N4,positive,security,2026-03-18T07:26:16.639087
wagner_mutiny,ЧВК Вагнер,russian,7f32e44d3ab77785,lenta.ru,RU,ru,russian,,Очевидцы раскрыли новые детали мятежа Пригожина.,https://lenta.ru/news/2024/06/24/vagner24,"24 Jun 2024 — Очевидцы мятежа основателя ЧВК «Вагнер» Евгения Пригожина , который произошел 24 июня 2023 года, рассказали о деталях похода вагнеровцев на ...",wagner_tass,russian_sources,N4,neutral,security,2026-03-18T07:26:16.639101
wagner_mutiny,ЧВК Вагнер,russian,eb714b1bbe40166a,www.fontanka.ru,RU,ru,russian,,Вагнер» и Пригожин 23–24 июня 2023 года,https://www.fontanka.ru/2023/06/26/72434885,"26 Jun 2023 — Вечером в пятницу, 23 июня, основатель ЧВК « Вагнер » Евгений Пригожин предпринял попытку вооруженного мятежа . В своем телеграм-канале он заявил, ... Read more",wagner_tass,russian_sources,N4,neutral,security,2026-03-18T07:26:16.639126
egg_crisis_russia,Яичный кризис,russian,b3a351f1428dda26,www.rosstat.gov.ru,RU,ru,russian,,Об оценке индекса потребительских цен с 5 по 11,https://www.rosstat.gov.ru/storage/mediabank/196_13-12-2023.html,"5 Dec 2023 — ... Росстата , составил 100,20%2, с начала декабря – 100,27%, с начала ... За период с 5 по 11 декабря 2023 г. выросли цены : на яйца куриные ...",eggs_rosstat,russian_sources,N0,neutral,economic,2026-03-18T07:26:16.639195
egg_crisis_russia,Яичный кризис,russian,8409f7a75fd23458,tass.ru,RU,ru,russian,,В России в декабре 2023 года цены на куриные яйца,https://tass.ru/ekonomika/19719603,"12 Jan 2024 — Куриные яйца в декабре 2023 года по сравнению с аналогичным периодом 2022 года подорожали на 61,35%. Куры охлажденные и мороженые также ...",eggs_rosstat,russian_sources,N0,neutral,economic,2026-03-18T07:26:16.639215
egg_crisis_russia,Яичный кризис,russian,da536d5686fcf0bc,www.rbc.ru,RU,ru,russian,,"Росстат оценил, насколько в России подорожали яйца",https://www.rbc.ru/society/08/12/2023/657337529a794746383b1280,"8 Dec 2023 — 08 декабря 2023, 08:05. Росстат оценил, насколько в России подорожали яйца. Росстат: за месяц рост цен на куриные яйца в среднем составил 15 %.",eggs_rosstat,russian_sources,N0,mixed,economic,2026-03-18T07:26:16.639234
egg_crisis_russia,Яичный кризис,russian,5719d3be8b7c7003,rosstat.gov.ru,RU,ru,russian,,Об оценке индекса потребительских цен с 12 по 18,https://rosstat.gov.ru/storage/mediabank/201_20-12-2023.html,"20 Dec 2023 — За период с 12 по 18 декабря 2023 г. выросли цены: на яйца куриные – на 4,6 %, консервы мясные для детского питания – на 0,6%, сосиски, сардельки ...",eggs_rosstat,russian_sources,N0,neutral,economic,2026-03-18T07:26:16.639253
egg_crisis_russia,Яичный кризис,russian,912aad3ef14f51ff,ura.news,XX,en,international,,Почему снова взлетели цены на яйца: что будет с ними,https://ura.news/news/1053078090,"16 hours ago — По данным Росстата , с начала 2026 года цены на куриные яйца выросли на 14,1%. С 3 по 10 марта они подорожали еще на 2,6%. По сравнению с концом ...",eggs_rosstat,russian_sources,N0,neutral,economic,2026-03-18T07:26:16.639273
egg_crisis_russia,Яичный кризис,russian,3b96f86c371b4992,www.tatar-inform.ru,RU,ru,russian,,"Росстат сообщил, что за неделю яйца подорожали на 5%",https://www.tatar-inform.ru/news/rosstat-soobshhil-cto-za-nedelyu-yaica-podorozali-na-5-5929271,"14 Dec 2023 — «За период с 5 по 11 декабря 2023 г. выросли цены: на яйца куриные — на 4,6 %, вермишель — на 0,8%, сосиски, сардельки, колбасы полукопченые и ...",eggs_rosstat,russian_sources,N0,neutral,economic,2026-03-18T07:26:16.639291
egg_crisis_russia,Яичный кризис,russian,8e9692cb2cac2c7d,uralpolit.ru,RU,ru,russian,,"Росстат: цена на куриные яйца выросла на 36,6%",https://uralpolit.ru/news/urfo/11-12-2023/288353,"11 Dec 2023 — УРФО, 11 декабря, УралПолит.Ru. С начала 2023 года стоимость яиц в России выросла на 36,5 %. Это следует из данных Росстата. За ноябрь цена ...",eggs_rosstat,russian_sources,N0,neutral,economic,2026-03-18T07:26:16.639310
egg_crisis_russia,Яичный кризис,russian,1ed4fe99641ca74e,www.gazeta.ru,RU,ru,russian,,В России подорожали яйца кур - Газета.Ru | Новости,https://www.gazeta.ru/business/news/2023/12/20/21971011.shtml,"20 Dec 2023 — За период с 12 по 18 декабря 2023 года куриные яйца в России подорожали на 4,6 %. Об этом сообщает Федеральная служба государственной ...",eggs_rosstat,russian_sources,N0,neutral,legal,2026-03-18T07:26:16.639330
egg_crisis_russia,Яичный кризис,russian,fa73e6308d657d17,www.mk.ru,RU,ru,russian,,Цены на куриные яйца пошли в рост: виновата ли в,https://www.mk.ru/economics/2026/03/17/ceny-na-kurinye-yayca-poshli-v-rost-vinovata-li-v-etom-paskha.html,"18 hours ago — По данным Росстата, с начала нынешнего года куриные яйца подорожали почти на 15 %. И похоже, что подорожание продолжится, ведь впереди Пасха ...",eggs_rosstat,russian_sources,N3,positive,economic,2026-03-18T07:26:16.639347
egg_crisis_russia,Яичный кризис,russian,95d125b62f735651,www.forbes.ru,RU,ru,russian,,Росстат зафиксировал ускорение роста цен на яйца,https://www.forbes.ru/prodovolstvennaya-bezopasnost/502460-rosstat-zafiksiroval-uskorenie-rosta-cen-na-ajca,"13 Dec 2023 — С 5 по 11 декабря куриные яйца в России подорожали на 4,55 %, сообщает Росстат. Таким образом, рост цен на яйца на прошлой неделе ускорился ...",eggs_rosstat,russian_sources,N0,mixed,economic,2026-03-18T07:26:16.639365
redsea_shipping,Красное море,global,245307dd9720136a,www.vedomosti.ru,RU,ru,russian,,Хуситы: российским судам в Красном море ничего не,https://www.vedomosti.ru/politics/news/2024/01/19/1015823-rossiiskim-sudam,"Jan 19, 2024 — ... Россия и Китай, их судоходству в регионе ничего не угрожает . Более того, мы готовы обеспечивать безопасность прохода их кораблей в Красном море ... Read more",redsea_ru,unknown,N0,neutral,security,2026-03-18T07:26:16.639434
redsea_shipping,Красное море,global,a289edcc1c4d4b2c,www.dw.com,XX,en,international,,Россия договорилась с хуситами о судоходстве в,https://www.dw.com/ru/rossia-i-kitaj-dogovorilis-s-husitami-o-sudohodstve-v-krasnom-more/a-68635663,"Россия и Китай договорились с мятежниками-хуситами из Йемена о безопасном судоходстве в Красном море . Хуситы пообещали, что российские и ... Read more",redsea_ru,unknown,N4,neutral,security,2026-03-18T07:26:16.639455
redsea_shipping,Красное море,global,41015f45aebb6154,oilcapital.ru,RU,ru,russian,,Хуситы готовы обеспечить России безопасный проход,https://oilcapital.ru/news/2024-01-19/husity-gotovy-obespechit-rossii-bezopasnyy-prohod-sudov-v-krasnom-more-3156798,"Jan 19, 2024 — Свободное судоходство в Красном море необходимо в том числе Йемену, так что повстанцы- хуситы декларируют свободный проход для российских ... Read more",redsea_ru,unknown,N0,neutral,legal,2026-03-18T07:26:16.639477
redsea_shipping,Красное море,global,1c4ad54b9ce7d8bd,www.dp.ru,RU,ru,russian,,Атаки йеменских хуситов: последствия для России и,https://www.dp.ru/a/2024/02/08/obostrenie-v-krasnom-more,Кто такие хуситы и почему они атакуют торговые суда · Как атаки влияют на ... Read more,redsea_ru,unknown,N0,negative,security,2026-03-18T07:26:16.639491
redsea_shipping,Красное море,global,9d0b2ff44dd6d14b,www.ng.ru,RU,ru,russian,,Судоходство в Красном море постепенно сворачивается,https://www.ng.ru/world/2024-01-16/1_8923_redsea.html,"Jan 16, 2024 — Йеменская группировка «Ансар Аллах» ( хуситы ) смогла за краткий период если не парализовать, то всерьез осложнить морские коммуникации по одной ... Read more",redsea_ru,unknown,N0,neutral,legal,2026-03-18T07:26:16.639513
redsea_shipping,Красное море,global,266b288036b7c169,seanews.ru,RU,ru,russian,,Barrus Projects о ситуации в Красном море и ее влиянии,https://seanews.ru/2024/01/10/ru-barrus-projects-o-situacii-v-krasnom-more-i-ee-vlijanii-na-logistiku,"Jan 10, 2024 — Участившиеся атаки хуситов на суда в Красном море стали одной из главных тем конца 2023 года. О том, какое влияние это оказывает на рынок ... Read more",redsea_ru,unknown,N0,negative,security,2026-03-18T07:26:16.639531
redsea_shipping,Красное море,global,89bb7edc6d4c2c2f,monocle.ru,RU,ru,russian,,Запад раздражает безопасность российских и,https://monocle.ru/2024/03/22/zapad-razdrazhayet-bezopasnost-rossiyskikh-i-kitayskikh-sudov-v-krasnom-more,"Mar 22, 2024 — Западные СМИ и ранее неоднократно писали, что хуситы подавали сигналы России и Китаю о том, что не будут атаковать их суда. Но тот факт, что ... Read more",redsea_ru,unknown,N0,negative,security,2026-03-18T07:26:16.639549
mpox_outbreak,Mpox,global,d98a6a42d1f8437a,iz.ru,RU,ru,russian,,Роспотребнадзор заявил об отсутствии угрозы,https://iz.ru/1743000/2024-08-15/rospotrebnadzor-zaiavil-ob-otsutstvii-ugrozy-rasprostraneniia-ospy-obezian-v-rf,"Aug 15, 2024 — В России отсутствует угроза распространения оспы обезьян , или mpox (monkey pox — новое наименование заболевания).",mpox_rospotreb,russian_sources,N2,positive,medical,2026-03-18T07:26:16.639625
mpox_outbreak,Mpox,global,d3ca88c14d5023f0,www.vedomosti.ru,RU,ru,russian,,Роспотребнадзор начал работу по борьбе с оспой,https://www.vedomosti.ru/society/news/2024/08/22/1057329-rospotrebnadzor-nachal,"Aug 22, 2024 — Согласно данным ВОЗ, за первую половину 2024 г. было выявлено 1854 подтвержденных случая mpox , это 36% от общего числа во всем мире (5199). При ... Read more",mpox_rospotreb,russian_sources,N0,neutral,medical,2026-03-18T07:26:16.639651
mpox_outbreak,Mpox,global,be62deaa94765e71,www.rbc.ru,RU,ru,russian,,ВОЗ приняла временные рекомендации по борьбе с,https://www.rbc.ru/society/20/08/2024/66c3bc989a794717089e7c0d,"Aug 19, 2024 — В ВОЗ указали, что за полгода 2024 -го в Африке было зарегистрировано 1854 подтвержденных случая mpox , это 36% от общего числа во всем мире (5199) ... Read more",mpox_rospotreb,russian_sources,N0,neutral,medical,2026-03-18T07:26:16.639678
mpox_outbreak,Mpox,global,8d9a2dd558d55e66,tass.ru,RU,ru,russian,,Роспотребнадзор назвал минимальными риски,https://tass.ru/obschestvo/22292015,"Nov 1, 2024 — ""Риски распространения оспы обезьян на территории РФ минимальны. Специалисты Роспотребнадзора в круглосуточном режиме мониторят все риски ... Read more",mpox_rospotreb,russian_sources,N2,positive,legal,2026-03-18T07:26:16.639743
mpox_outbreak,Mpox,global,2c6d468e9e75fac8,www.kommersant.ru,RU,ru,russian,,Оспы обезьян 2024: опасна ли она для россиян,https://www.kommersant.ru/doc/6903407,"Aug 16, 2024 — Роспотребнадзор утверждает, что в России угрозы распространения болезни нет . О том, насколько на самом деле велика угроза возникновения новой ... Read more",mpox_rospotreb,russian_sources,N2,positive,medical,2026-03-18T07:26:16.639769
mpox_outbreak,Mpox,global,4f91c37c649319a4,afrinz.ru,RU,ru,russian,,Роспотребнадзор: у центра «Вектор» есть вакцина от,https://afrinz.ru/2024/08/rospotrebnadzor-u-czentra-vektor-est-vakczina-ot-ospy-obezyan,"Aug 16, 2024 — Данная вакцина предназначена в том числе для профилактики оспы обезьян , которая относится к роду ортопоксвирусов», — говорится в сообщении. Read more",mpox_rospotreb,russian_sources,N0,neutral,economic,2026-03-18T07:26:16.639790
mpox_outbreak,Mpox,global,8ac6b3cd24ba1452,gxpnews.net,XX,en,international,,Роспотребнадзор призвал к дополнительным мерам из-,https://gxpnews.net/2024/08/rospotrebnadzor-prizval-k-dopolnitelnym-meram-iz-za-ospy-obezyan,В случае выявления лиц с подозрением на оспу обезьян их рекомендовано изолировать в боксированные палаты инфекционных отделений медучреждений. Read more,mpox_rospotreb,russian_sources,N0,neutral,general,2026-03-18T07:26:16.639821
mpox_outbreak,Mpox,global,ce0f66f9897bcee7,www.nakanune.ru,RU,ru,russian,,Угрозы распространения оспы обезьян в России нет,https://www.nakanune.ru/news/2024/08/15/22783835,"Aug 15, 2024 — Угрозы распространения оспы обезьян в России нет , сообщил Роспотребнадзор. ""В РФ заблаговременно и на системной основе осуществляются все ... Read more",mpox_rospotreb,russian_sources,N2,positive,general,2026-03-18T07:26:16.639855
mpox_outbreak,Mpox,global,61c00057d558b452,www.researchgate.net,XX,en,international,,(PDF) Operational Experience of the Rospotrebnadzor,https://www.researchgate.net/publication/390635560_Operational_Experience_of_the_Rospotrebnadzor_Specialists_during_the_Epidemic_of_Mpox_in_Eastern_and_Central_Africa_in_2024,"Ongoing mpox outbreak in Kamituga, South Kivu province,. associated with monkeypox virus of a novel Clade I sub-lineage,. Democratic Republic of the Congo, 2024 ... Read more",mpox_rospotreb,russian_sources,N0,neutral,medical,2026-03-18T07:26:16.639878
mpox_outbreak,Mpox,global,c0959b31283522c1,ria.ru,RU,ru,russian,,ВОЗ проведет заседание по оспе обезьян,https://ria.ru/20241111/voz-1983054541.html,"Nov 11, 2024 — Оспа обезьян - редкое вирусное заболевание, потенциально опасное для людей с ослабленным иммунитетом. Инфекция сопровождается лихорадкой, ... Read more",mpox_rospotreb,russian_sources,N1,neutral,medical,2026-03-18T07:26:16.639903
egg_crisis_russia,Яичный кризис,russian,c530a175e27c939e,www.kommersant.ru,RU,ru,russian,,Яйца в России подешевели впервые с июня 2023 года,https://www.kommersant.ru/doc/6455313,"Jan 17, 2024 — Яйца в России подешевели впервые с июня 2023 года . Цены на куриные яйца в России за период с 10 по 15 января в среднем снизились на 0,2%.",eggs_kommersant,russian_sources,N0,neutral,economic,2026-03-18T07:26:16.639971
egg_crisis_russia,Яичный кризис,russian,3bc31ecf26c4600b,www.kommersant.ru,RU,ru,russian,,Яйца пока откладываются,https://www.kommersant.ru/doc/8026360,"Sep 12, 2025 — За год стоимость продукции снизилась более чем на 25%. Все дело в начавшемся кризисе перепроизводства. Яиц в России сейчас выпускается на 20% ...",eggs_kommersant,russian_sources,N4,negative,general,2026-03-18T07:26:16.639998
egg_crisis_russia,Яичный кризис,russian,921bcb8c6294b1c3,x.com,XX,en,international,,В России начали снова резко дорожать яйца Вслед за «,https://x.com/FilonenkoOles/status/2024791562660519975,"За месяц яйца подорожали на 5,7%, а за полгода — на 20%. При этом в опте ситуация куда хуже: за один месяц поставщики взвинтили цены на 80-100%, ...",eggs_kommersant,russian_sources,N0,neutral,economic,2026-03-18T07:26:16.640018
egg_crisis_russia,Яичный кризис,russian,5cc088671e392410,www.kommersant.ru,RU,ru,russian,,К празднику вылупились цены,https://www.kommersant.ru/doc/8443502,"Feb 20, 2026 — Стоимость яиц категории С1 в оптовой закупке в Москве за месяц увеличилась на 83,3%, за год — на 89,7%. Это связано с сезонным ростом ...",eggs_kommersant,russian_sources,N0,positive,economic,2026-03-18T07:26:16.640037
egg_crisis_russia,Яичный кризис,russian,df0fe90068617a66,www.kommersant.ru,RU,ru,russian,,Глава X5 Group объяснила рост цен на яйца в 2023 году,https://www.kommersant.ru/doc/6730854,"May 30, 2024 — По данным Росстата, в октябре 2023 года стоимость куриных яиц увеличилась в среднем по России на 23,9 % по сравнению с тем же периодом 2022-го.",eggs_kommersant,russian_sources,N1,mixed,economic,2026-03-18T07:26:16.640063
egg_crisis_russia,Яичный кризис,russian,f600d8993c44f075,cyberleninka.ru,RU,ru,russian,,Ценовой кризис на рынке яйца: факты и последствия,https://cyberleninka.ru/article/n/tsenovoy-krizis-na-rynke-yaytsa-fakty-i-posledstviya,"2024 — годовой рост цен на яйцо превысил уровень инфляции , с конца июня 2023 г средняя цена на продукт с учетом инфляции превысила свое среднее пятилетнее значение, а ...",eggs_kommersant,russian_sources,N4,negative,economic,2026-03-18T07:26:16.640077
paralympics_npa,Паралимпиада,russian,912e8c3ce797be1a,sport.business-gazeta.ru,RU,ru,russian,,Опубликованы условия участия россиян в,https://sport.business-gazeta.ru/article/292462,"Mar 6, 2024 — Нейтральные спортсмены будут соревноваться под белым флагом с черной надписью NPA . Завоеванные медали не будут занесены в медальный зачет. Если ...",paralympics_pcr,russian_sources,N0,neutral,sport,2026-03-18T07:26:16.640158
paralympics_npa,Паралимпиада,russian,b120c50f600f1155,paralymp.ru,RU,ru,official,,Регламент Международного паралимпийского комитета,https://paralymp.ru/press_center/news/paralympics/06-03-2024-reglament_mezhdunarodnogo_paralimpiyskogo_komiteta_po_uchastiyu_neytralnykh_sportsmenov_i_vspomogate,"Mar 6, 2024 — 22. НПК России , НПК Беларуси и любая делегация нейтральных спортсменов не будет включена в медальную таблицу (так как нейтральные спортсмены ...",paralympics_pcr,russian_sources,N0,neutral,sport,2026-03-18T07:26:16.640186
paralympics_npa,Паралимпиада,russian,6fff122376be5fe2,www.rbc.ru,RU,ru,russian,,Российские паралимпийцы не примут участия в,https://www.rbc.ru/sport/06/03/2024/65e85e4a9a794722bf629c80,"Mar 6, 2024 — Россияне и белорусы, которые получат допуск, будут соревноваться в нейтральном статусе под белым флагом с черными буквами NPA (Neutral ...",paralympics_pcr,russian_sources,N0,neutral,general,2026-03-18T07:26:16.640213
paralympics_npa,Паралимпиада,russian,da2b52468cdf846c,www.rfi.fr,XX,en,international,,Международный паралимпийский комитет объявил,https://www.rfi.fr/ru/%D1%81%D0%BF%D0%BE%D1%80%D1%82/20240306-%D0%BC%D0%B5%D0%B6%D0%B4%D1%83%D0%BD%D0%B0%D1%80%D0%BE%D0%B4%D0%BD%D1%8B%D0%B9-%D0%BF%D0%B0%D1%80%D0%B0%D0%BB%D0%B8%D0%BC%D0%BF%D0%B8%D0%B9%D1%81%D0%BA%D0%B8%D0%B9-%D0%BA%D0%BE%D0%BC%D0%B8%D1%82%D0%B5%D1%82-%D0%BE%D0%B7%D0%B2%D1%83%D1%87%D0%B8%D0%BB-%D1%83%D1%81%D0%BB%D0%BE%D0%B2%D0%B8%D1%8F-%D1%83%D1%87%D0%B0%D1%81%D1%82%D0%B8%D1%8F-%D1%81%D0%BF%D0%BE%D1%80%D1%82%D1%81%D0%BC%D0%B5%D0%BD%D0%BE%D0%B2-%D0%B8%D0%B7-%D1%80%D1%84-%D0%B8-%D0%B1%D0%B5%D0%BB%D0%B0%D1%80%D1%83%D1%81%D0%B8-%D0%B2-%D0%BF%D0%B0%D1%80%D0%B0%D0%BB%D0%B8%D0%BC%D0%BF%D0%B8%D0%B0%D0%B4%D0%B5,"Mar 6, 2024 — Выступать они должны будут под белым флагом с черными буквами NPA и соревноваться в форме, одобренной МПК, — без национальной символики, цветов ...",paralympics_pcr,russian_sources,N0,neutral,general,2026-03-18T07:26:16.640242
paralympics_npa,Паралимпиада,russian,9479dd8d8334ffb6,www.gazeta.ru,RU,ru,russian,,На церемонии открытия Паралимпиады-2024 не,https://www.gazeta.ru/sport/news/2024/08/29/23800267.shtml,"Aug 29, 2024 — На церемонии открытия Паралимпиады-2024 не раскрылся флаг Международного паралимпийского комитета (IPC). Известно, что это произошло потому ...",paralympics_pcr,russian_sources,N0,neutral,sport,2026-03-18T07:26:16.640276
paralympics_npa,Паралимпиада,russian,ccd2481fef010edf,www.bbc.com,UK,en,international,,Международный паралимпийский комитет восстановил,https://www.bbc.com/russian/articles/cwyrgj2557jo,"Sep 27, 2025 — Международный паралимпийский комитет восстановил статус Паралимпийского комитета России . Паралимпийцы смогут выступать под российским флагом .",paralympics_pcr,russian_sources,N0,neutral,general,2026-03-18T07:26:16.640306
paralympics_npa,Паралимпиада,russian,380e95b42da9e34d,www.championat.com,XX,ru,russian,,Россияне будут выступать на Паралимпиаде в Париже,https://www.championat.com/paralympic/news-5461464-rossiyane-budut-vystupat-na-paralimpiade-v-parizhe-pod-belym-flagom-s-chyornoj-nadpisyu-npa.html,"Mar 6, 2024 — Нейтральные спортсмены будут соревноваться под белым флагом с чёрной надписью NPA (нейтральные спортсмены-паралимпийцы). Использование флага ...",paralympics_pcr,russian_sources,N0,neutral,sport,2026-03-18T07:26:16.640336
paralympics_npa,Паралимпиада,russian,611fe6a985665653,vk.com,XX,en,international,,⚡️Международный паралимпийский комитет,https://vk.com/wall-92739722_1467336,"Mar 6, 2024 — ... паралимпийскими спортсменами ( NPA ) и ... Нейтральные спортсмены будут выступать под белым флагом с черными буквами, обозначающими NPA ;",paralympics_pcr,russian_sources,N0,neutral,sport,2026-03-18T07:26:16.640373
paralympics_npa,Паралимпиада,russian,9d3bbac284bd6672,www.svoboda.org,XX,en,international,,Опубликованы условия участия россиян в,https://www.svoboda.org/a/opublikovany-usloviya-uchastiya-rossiyan-v-paralimpiyskih-igrah-v-parizhe/32850538.html,"Mar 6, 2024 — Нейтральные спортсмены будут выступать под белым флагом с черными буквами, обозначающими NPA . ... Государственные флаги России и Беларуси ...",paralympics_pcr,russian_sources,N0,neutral,legal,2026-03-18T07:26:16.640396
paralympics_npa,Паралимпиада,russian,89f3bc5c4c7d68f7,www.sport.ru,RU,ru,russian,,Российские спортсмены выступят на на Паралимпиаде,https://www.sport.ru/other/rossiyskie-sportsmeny-vystupyat-na-na-paralimpiade-2024-pod-belym-flagom-s-/article577209,"Mar 6, 2024 — Нейтральные спортсмены выступят под белым флагом с черной надписью NPA (нейтральные спортсмены-паралимпийцы), информирует сайт Международного ...",paralympics_pcr,russian_sources,N0,neutral,sport,2026-03-18T07:26:16.640429
wildberries_conflict,Wildberries,russian,6b2ce4aca12adeb2,www.vedomosti.ru,RU,ru,russian,,Семейный конфликт Бакальчук. Что известно,https://www.vedomosti.ru/business/articles/2024/07/24/1051728-konflikt-bakalchuk-chto-izvestno,24 Jul 2024 — Бакальчук опровергла сообщение о рейдерском захвате Wildberries . Бизнес / Торговля и услуги. 18 июня 2024 г. Wildberries и крупнейший в России ...,wildberries_vedomosti,russian_sources,N0,neutral,economic,2026-03-18T07:26:16.640509
wildberries_conflict,Wildberries,russian,7a8f927240fc9266,www.vedomosti.ru,RU,ru,russian,,Конфликт супругов Бакальчук перешел в стадию,https://www.vedomosti.ru/business/articles/2024/09/19/1063131-konflikt-suprugov-bakalchuk-pereshel-v-stadiyu-perestrelki,"19 Sept 2024 — Wildberries обвиняет в нападении Владислава Бакальчука , а он называет это «провокацией». Лиана Липанова.",wildberries_vedomosti,russian_sources,N3,neutral,general,2026-03-18T07:26:16.640534
wildberries_conflict,Wildberries,russian,84c2c9023d40116d,www.vedomosti.ru,RU,ru,russian,,Что грозит Бакальчуку после столкновения у офиса,https://www.vedomosti.ru/technology/articles/2024/09/20/1063408-chto-grozit-bakalchuku-posle-stolknoveniya-u-ofisa-wildberries,"20 Sept 2024 — В результате конфликта на пороге Wildberries пострадали семь человек, в том числе двое сотрудников правоохранительных органов, которые прибыли ...",wildberries_vedomosti,russian_sources,N0,neutral,general,2026-03-18T07:26:16.640563
wildberries_conflict,Wildberries,russian,5438f6fc2c23d595,sledcom.ru,RU,ru,russian,,СМИ о СК - Следственный комитет Российской,https://sledcom.ru/press/smi/item/1915306,"19 Sept 2024 — В Wildberries обвинили в незаконном проникновении в офис Владислава Бакальчука . Он, в свою очередь, утверждает, что пришел в офис на встречу, о ...",wildberries_vedomosti,russian_sources,N0,neutral,legal,2026-03-18T07:26:16.640584
wildberries_conflict,Wildberries,russian,bed1ba7cf4466a59,www.vedomosti.ru,RU,ru,russian,,Владислав Бакальчук собирается оспорить передачу,https://www.vedomosti.ru/business/articles/2024/07/31/1052987-vladislav-bakalchuk-sobiraetsya-osporit-peredachu-domenov-wildberries,31 Jul 2024 — Как поссорились Татьяна и Владислав. В июне 2024 г. Wildberries и крупнейший в России оператор наружной рекламы ГК Russ объявили об объединении.,wildberries_vedomosti,russian_sources,N0,neutral,general,2026-03-18T07:26:16.640612
wildberries_conflict,Wildberries,russian,53f923384255a848,www.banki.ru,RU,ru,russian,,"Вокруг Wildberries разразился конфликт, россияне",https://www.banki.ru/news/lenta/?id=11005068,"Гендиректор и основная владелица Wildberries Татьяна Бакальчук объявила о том, что она разводится с мужем — сооснователем компании Владиславом Бакальчуком .",wildberries_vedomosti,russian_sources,N0,neutral,managerial,2026-03-18T07:26:16.640639
wildberries_conflict,Wildberries,russian,160e597e66445a40,www.business-vector.info,XX,en,international,,Мистер и миссис Бакальчук: что известно о,https://www.business-vector.info/mister_i_missis_bakalchuk_chto_izvestno_o_vooruzhennom_konflikte_v_wildberries,"Его атаковали сразу на входе, возник конфликт с выстрелами . Бакальчук считает, что была подготовка к покушению на него, чтобы обвинить в ...",wildberries_vedomosti,russian_sources,N0,negative,security,2026-03-18T07:26:16.640658
wildberries_conflict,Wildberries,russian,462f359a21c36dd6,sm24.online,XX,en,international,,Вокруг Wildberries разразился бракоразводный конфликт,https://sm24.online/rubriki/biznes/vedomosti-vokrug-wildberries-razrazilsya-brakorazvodnyy-konflikt,"2 Aug 2024 — Татьяна Бакальчук опровергла слухи о рейдерском захвате , озвучив это в своем видеообращении. По ее словам, семейные проблемы не должны касаться ...",wildberries_vedomosti,russian_sources,N2,neutral,general,2026-03-18T07:26:16.640703
wildberries_conflict,Wildberries,russian,4d62c597cf9edfa0,www.vedomosti.ru,RU,ru,russian,,Вокруг Wildberries разразился бракоразводный конфликт,https://www.vedomosti.ru/business/articles/2024/07/24/1051745-vokrug-wildberries-razrazilsya-brakorazvodnii-konflikt,"24 Jul 2024 — Татьяна Бакальчук уходит от мужа, а тот пожаловался на это главе Чечни Рамзану Кадырову. Екатерина Кинякина.",wildberries_vedomosti,russian_sources,N0,neutral,general,2026-03-18T07:26:16.640732
wildberries_conflict,Wildberries,russian,3db258e87f14f518,shoppers.media,XX,en,international,,Передача бизнеса Wildberries в новые руки стала,https://shoppers.media/articles/19783_peredaca-biznesa-wildberries-v-novye-ruki-stala-skandalom-goda,4 Jan 2025 — Бакальчук в октябре 2024 г. подал два иска . В одном он требовал признать ничтожной сделку по передаче ООО «РВБ» домена Wildberries.ru ...,wildberries_vedomosti,russian_sources,N0,neutral,legal,2026-03-18T07:26:16.640755
wagner_mutiny,ЧВК Вагнер,russian,3c623e4c80a42f84,www.rbc.ru,RU,ru,russian,,Как попытка мятежа может повлиять на позиции ЧВК,https://www.rbc.ru/politics/28/06/2023/6499554f9a7947b9346fa32d,"Jun 27, 2023 — 23 июня 2023 года Пригожин обвинил Минобороны в ударе по лагерю ЧВК « Вагнер » (в ведомстве это опровергли) и объявил о проведении «марша ...",wagner_rbc,russian_sources,N4,neutral,security,2026-03-18T07:26:16.640837
wagner_mutiny,ЧВК Вагнер,russian,85342dc218e67d1a,www.rbc.ru,RU,ru,russian,,Что Путин и Лукашенко рассказали о мятеже,https://www.rbc.ru/politics/27/06/2023/649af3689a7947376fd6a743,"Путин в обращении к нации заявил, что мятеж ЧВК «Вагнер» в любом случае был бы подавлен . Он выразил благодарность за самопожертвование погибшим ...",wagner_rbc,russian_sources,N4,neutral,security,2026-03-18T07:26:16.640872
wagner_mutiny,ЧВК Вагнер,russian,cb56906b90b8377c,www.rbc.ru,RU,ru,russian,,WSJ узнал о планах Кремля на «глобальную империю,https://www.rbc.ru/politics/29/06/2023/649c836c9a7947e006f25808,"Jun 28, 2023 — Основатель ЧВК Евгений Пригожин вечером 23 июня обвинил российское «военное руководство» в ударе по лагерю вагнеровцев. Минобороны отвергло ...",wagner_rbc,russian_sources,N0,neutral,security,2026-03-18T07:26:16.640896
wagner_mutiny,ЧВК Вагнер,russian,1bb09a01cc76f814,www.rbc.ru,RU,ru,russian,,"Пригожин заявил об ударе по «Вагнеру», Минобороны",https://www.rbc.ru/politics/23/06/2023/6495e7c99a79473ce4258bf6,"23 июня 2023, 12:09. Пригожин заявил об ударе по «Вагнеру», Минобороны назвало это провокацией ... Дело о мятеже Пригожина. В этой статье. Распространяемые от имени основателя ЧВК «Вагнер» ...",wagner_rbc,russian_sources,N4,positive,security,2026-03-18T07:26:16.640912
wagner_mutiny,ЧВК Вагнер,russian,7863057741b84a70,www.rbc.ru,RU,ru,russian,,Пригожин развернул колонны «Вагнера» и объявил об,https://www.rbc.ru/politics/24/06/2023/649727e69a7947620cff0826,"Вечером 23 июня Пригожин заявил, что российские военные нанесли удар по лагерю ЧВК « Вагнер », в результате чего «погибло огромное количество ...",wagner_rbc,russian_sources,N0,neutral,security,2026-03-18T07:26:16.640929
wagner_mutiny,ЧВК Вагнер,russian,d6e3c26be4c06ecf,www.rbc.ru,RU,ru,russian,,CNN узнал о просьбе США к Украине во время мятежа,https://www.rbc.ru/politics/27/06/2023/649a63ea9a79471a14b375c8,"Jun 26, 2023 — Пригожин вечером 23 июня обвинил «военное руководство» в нанесении удара по полевым лагерям ЧВК « Вагнер », а на следующий день заявил, что ...",wagner_rbc,russian_sources,N4,neutral,security,2026-03-18T07:26:16.640942
wagner_mutiny,ЧВК Вагнер,russian,a46f741046b6ea90,www.rbc.ru,RU,ru,russian,,Пригожин опубликовал первое после мятежа видео,https://www.rbc.ru/politics/21/08/2023/64e3b2039a794733d54284f8,"Aug 21, 2023 — 23 июня 2023 года Пригожин обвинил Минобороны в ударе по лагерю ЧВК « Вагнер » (в ведомстве это опровергли) и объявил о проведении «марша ...",wagner_rbc,russian_sources,N4,neutral,security,2026-03-18T07:26:16.640956
wagner_mutiny,ЧВК Вагнер,russian,fceac3dcf7cd6195,www.rbc.ru,RU,ru,russian,,ФСБ призвала бойцов ЧВК «Вагнер- задержать Евгения,https://www.rbc.ru/politics/24/06/2023/64960cc29a7947e39c0e04dc,23 июня 2023 года Пригожин обвинил Минобороны в ударе по лагерю ЧВК « Вагнер » (в ведомстве это опровергли) и объявил о проведении «марша ...,wagner_rbc,russian_sources,N0,neutral,general,2026-03-18T07:26:16.640988
fesco_severilov,FESCO,russian,1347df564b9a0109,www.interfax.ru,RU,ru,russian,,Суд отказался выпустить под залог экс-главу совета,https://www.interfax.ru/russia/1077637,"5 days ago — Суд отказался выпустить под залог экс-главу совета директоров FESCO Северилова ... Таким образом, Северилов останется под арестом до апреля .",fesco_interfax,russian_sources,N0,negative,legal,2026-03-18T07:26:16.641057
fesco_severilov,FESCO,russian,f9337aba657f3a89,www.interfax.ru,RU,ru,russian,,Бывший глава совета директоров FESCO Северилов,https://www.interfax.ru/russia/1072492,"Feb 12, 2026 — Бизнесмен арестован на два месяца . Ему вменяется статья 160 УК РФ (присвоение или растрата). В ходе судебного заседания Северилов попросил ...",fesco_interfax,russian_sources,N3,negative,legal,2026-03-18T07:26:16.641076
fesco_severilov,FESCO,russian,3b42c3d72ac6a5ed,www.interfax.ru,RU,ru,russian,,Защита обжаловала арест бывшего главы совета,https://www.interfax.ru/russia/1073187,"Feb 17, 2026 — 17 февраля. INTERFAX .RU - Мещанский суд Москвы зарегистрировал апелляционную жалобу на арест бывшего председателя совета директоров группы FESCO ...",fesco_interfax,russian_sources,N0,negative,legal,2026-03-18T07:26:16.641098
fesco_severilov,FESCO,russian,650617897fdd954e,www.interfax.ru,RU,ru,russian,,Экс-глава совета директоров FESCO Северилов,https://www.interfax.ru/russia/1072478,"Feb 12, 2026 — Интерфакс : Следователи вменяют бывшему председателю совета директоров группы FESCO Андрею Северилову хищение путем растраты на сумму 885 млн ...",fesco_interfax,russian_sources,N0,neutral,legal,2026-03-18T07:26:16.641134
fesco_severilov,FESCO,russian,b99b3a699b0032e4,www.dp.ru,RU,ru,russian,,Следствие просит арестовать экс-главу совета,https://www.dp.ru/a/2026/02/12/sledstvie-prosit-arestovat,"Feb 12, 2026 — Арест продлили до 23 апреля 2026 года. Никитину обвиняют в растрате, совершённой организованной группой в крупном размере (ч. 4 ст. 160) и ...",fesco_interfax,russian_sources,N3,negative,legal,2026-03-18T07:26:16.641154
fesco_severilov,FESCO,russian,1962c432871e390f,www.interfax.ru,RU,ru,russian,,Следствие попросило арестовать бывшего главу совета,https://www.interfax.ru/russia/1072454,"Feb 12, 2026 — Экс-глава совета директоров FESCO Северилов обвиняется в растрате 885 млн руб . Москва. 12 февраля. INTERFAX.RU - Следствие просит арестовать ...",fesco_interfax,russian_sources,N3,negative,legal,2026-03-18T07:26:16.641174
fesco_severilov,FESCO,russian,82f03e6a64600b1e,pravo.ru,RU,ru,russian,,Экс-главу FESCO задержали по подозрению в растрате,https://pravo.ru/news/262397,"Feb 12, 2026 — Следствие планирует запросить у суда арест бизнесмена сроком на два месяца. Правоохранители задержали бывшего председателя совета директоров ...",fesco_interfax,russian_sources,N0,negative,legal,2026-03-18T07:26:16.641195
fesco_severilov,FESCO,russian,9958bf0189d31f92,www.vesti.ru,RU,ru,russian,,Экс-председателя совета директоров FESCO,https://www.vesti.ru/ns/ehks-predsedatelya-soveta-direktorov-fesco-severilova-ostavili-pod-arestom,"5 days ago — По версии следствия, Северилов причастен к организации схемы по покупке доли в недействующей компании по завышенной стоимости с ущербом в 885 ...",fesco_interfax,russian_sources,N0,neutral,legal,2026-03-18T07:26:16.641216
fesco_severilov,FESCO,russian,9935d2f3370b4f92,news.ru,RU,ru,russian,,Адвокаты экс-главы Fesco попытались вызволить его из,https://news.ru/society/advokaty-eks-glavy-fesco-popytalis-vyzvolit-ego-iz-sizo-za-885-mln-rublej,7 days ago — Адвокаты Андрея Северилова предложили суду залог в 885 миллионов рублей для освобождения экс-главы Fesco из СИЗО.,fesco_interfax,russian_sources,N0,neutral,legal,2026-03-18T07:26:16.641236
fesco_severilov,FESCO,russian,5d1ac40b35680fd8,expert.ru,RU,ru,russian,,В Москве задержали бывшего совладельца Fesco,https://expert.ru/news/v-moskve-zaderzhali-byvshego-sovladeltsa-fesco-andreya-severilova,"Feb 12, 2026 — Один из источников уточнил, что Андрей Северилов задержан по итогам обысков в Fesco, прошедших 11 февраля . Следственные действия связаны с ...",fesco_interfax,russian_sources,N3,neutral,legal,2026-03-18T07:26:16.641254
boeing_crisis,Boeing,global,ef67589144db183b,tass.ru,RU,ru,russian,,В США наложили взыскание на Boeing за раскрытие,https://tass.ru/mezhdunarodnaya-panorama/21217945,"Согласно его информации, Boeing нарушила соглашение с NTSB во ...",boeing_tass,russian_sources,N0,neutral,general,2026-03-18T07:26:16.641322
boeing_crisis,Boeing,global,9ce2d79fcff17c88,tass.ru,RU,ru,russian,,Глава Boeing покинет пост в конце 2024 года на фоне,https://tass.ru/ekonomika/20350383,25 Mar 2024 — После январского ЧП с Boeing 737 MAX Федеральное авиационное управление (ФАУ) распорядилось временно приостановить эксплуатацию лайнеров данного ...,boeing_tass,russian_sources,N4,neutral,managerial,2026-03-18T07:26:16.641346
boeing_crisis,Boeing,global,411dc52b823d6b8f,meduza.io,XX,en,international,,У «боинга» Alaska Airlines в полете отвалилась дверь,https://meduza.io/news/2024/01/06/u-boinga-alaska-airlines-v-polete-otvalilas-dver-avariynogo-vyhoda,6 Jan 2024 — Пассажирский самолет Boeing 737 MAX 9 авиакомпании Alaska Airlines совершил экстренную посадку из-за разгерметизации салона.,boeing_tass,russian_sources,N0,neutral,managerial,2026-03-18T07:26:16.641381
boeing_crisis,Boeing,global,e616e19107648209,rg.ru,RU,ru,russian,,В США ограничили выпуск Boeing 737 MAX после ЧП,https://rg.ru/2024/01/25/v-ssha-ogranichili-vypusk-boeing-737-max-posle-chp.html,25 Jan 2024 — Федеральное управление гражданской авиации США (FAA) ограничило производство лайнеров Boeing 737 MAX после инцидента с бортом Alaska ...,boeing_tass,russian_sources,N4,neutral,managerial,2026-03-18T07:26:16.641418
boeing_crisis,Boeing,global,3d2c77fc8d1a379d,www.m24.ru,RU,ru,russian,,Boeing признал вину в сговоре по делу о двух,https://www.m24.ru/news/proisshestviya/08072024/706587,8 Jul 2024 — Другой инцидент произошел с самолетом Boeing 737 MAX 9 авиакомпании Alaska Airlines 5 января 2024 года. Во время полета у лайнера вылетел ...,boeing_tass,russian_sources,N0,neutral,managerial,2026-03-18T07:26:16.641446
boeing_crisis,Boeing,global,312f306c92c478a8,www.gazeta.ru,RU,ru,russian,,В США решили приостановить эксплуатацию Boeing,https://www.gazeta.ru/business/news/2024/01/06/22065205.shtml,"6 Jan 2024 — 5 января пассажирский самолет Boeing 737 -9 MAX авиакомпании Alaska Airlines совершил экстренную посадку в Портленде после того, как из ...",boeing_tass,russian_sources,N0,neutral,managerial,2026-03-18T07:26:16.641487
boeing_crisis,Boeing,global,aa5cb341a6bed6ce,belta.by,XX,en,international,,Глава Boeing покинет свой пост в конце года на фоне,https://belta.by/world/view/glava-boeing-pokinet-svoj-post-v-kontse-goda-na-fone-problem-s-bezopasnostjju-samoletov-623639-2024,25 Mar 2024 — После январского ЧП с Boeing 737 MAX Федеральное авиационное управление (FAA) распорядилось временно приостановить эксплуатацию лайнеров данного ...,boeing_tass,russian_sources,N4,neutral,managerial,2026-03-18T07:26:16.641513
boeing_crisis,Boeing,global,6d6984b530b9abf3,tass.ru,RU,ru,russian,,Регулятор США начал расследование в отношении,https://tass.ru/mezhdunarodnaya-panorama/19711739,11 Jan 2024 — На прошлой неделе FAA распорядилось приостановить эксплуатацию самолетов Boeing 737 MAX 9 после инцидента с разгерметизацией борта компании ...,boeing_tass,russian_sources,N0,neutral,managerial,2026-03-18T07:26:16.641546
boeing_crisis,Boeing,global,d940ede629865930,www.interfax.ru,RU,ru,russian,,В США остановят полеты Boeing 737 MAX 9 после,https://www.interfax.ru/world/939258,8 Jan 2024 — Самолет Boeing 737 MAX 9 авиакомпании Alaska Airlines совершил вынужденную посадку в аэропорту Портленда 5 января после потери части фюзеляжа в ...,boeing_tass,russian_sources,N0,neutral,managerial,2026-03-18T07:26:16.641582
boeing_crisis,Boeing,global,8d48766ceabf90be,www.instagram.com,XX,en,international,,"объект, столкнувшийся с Boeing 737 MAX",https://www.instagram.com/p/DRdA6QbjNRd,"Инцидент обошёлся без жертв — и породил волну иронии. Теперь у Boeing 737 MAX — один сбитый баллон. У F-22 Raptor — три, по официальным данным ...",boeing_tass,russian_sources,N0,neutral,general,2026-03-18T07:26:16.641612
